,employment_income_before_lsr__2024,self_employment_income_before_lsr__2024,farm_income__2024,county_fips__2024,state_fips__2024,deductible_mortgage_interest__2024,alimony_expense__2024,unreimbursed_business_employee_expenses__2024,educator_expense__2024,student_loan_interest__2024,qualified_tuition_expenses__2024,has_marketplace_health_coverage__2024,medicare_part_b_premiums__2024,over_the_counter_health_expenses__2024,other_medical_expenses__2024,health_insurance_premiums_without_medicare_part_b__2024,self_employed_pension_contributions__2024,traditional_ira_contributions__2024,traditional_401k_contributions__2024,early_withdrawal_penalty__2024,roth_ira_contributions__2024,roth_401k_contributions__2024,casualty_loss__2024,spm_unit_payroll_tax_reported__2024,spm_unit_federal_tax_reported__2024,real_estate_taxes__2024,spm_unit_state_tax_reported__2024,excess_withheld_payroll_tax__2024,pre_subsidy_rent__2024,rent__2024,tenure_type__2024,charitable_non_cash_donations__2024,charitable_cash_donations__2024,spm_unit_capped_work_childcare_expenses__2024,spm_unit_pre_subsidy_childcare_expenses__2024,child_support_expense__2024,child_support_received__2024,person_marital_unit_id__2024,is_separated__2024,marital_unit_id__2024,spm_unit_id__2024,person_spm_unit_id__2024,own_children_in_household__2024,is_female__2024,is_blind__2024,is_household_head__ETERNITY,is_full_time_college_student__2024,cps_race__2024,is_hispanic__2024,is_disabled__2024,household_weight__2024,person_weight__2024,person_family_id__2024,family_id__2024,person_id__2024,person_household_id__2024,tax_unit_id__2024,person_tax_unit_id__2024,household_id__2024,age__2024,in_nyc__2024,spm_unit_energy_subsidy_reported__2024,spm_unit_capped_housing_subsidy_reported__2024,spm_unit_wic_reported__2024,income,net_income,spm_unit_spm_threshold__2024,spm_unit_broadband_subsidy_reported__2024,ssi_reported__2024,weekly_hours_worked_before_lsr__2024,employment_income_last_year__2024,farm_rent_income__2024,miscellaneous_income__2024,strike_benefits__2024,rental_income__2024,salt_refund_income__2024,alimony_income__2024,investment_income_elected_form_4952__2024,estate_income__2024,tax_exempt_interest_income__2024,taxable_interest_income__2024,self_employment_income_last_year__2024,previous_year_income_available__2024,w2_wages_from_qualified_business__2024,partnership_s_corp_income__2024,veterans_benefits__2024,disability_benefits__2024,tax_exempt_403b_distributions__2024,taxable_pension_income__2024,tax_exempt_sep_distributions__2024,taxable_401k_distributions__2024,taxable_sep_distributions__2024,keogh_distributions__2024,tax_exempt_private_pension_income__2024,tax_exempt_pension_income__2024,tax_exempt_ira_distributions__2024,taxable_ira_distributions__2024,tax_exempt_401k_distributions__2024,taxable_private_pension_income__2024,taxable_403b_distributions__2024,long_term_capital_gains_on_collectibles__2024,short_term_capital_gains__2024,unrecaptured_section_1250_gain__2024,non_sch_d_capital_gains__2024,qualified_dividend_income__2024,non_qualified_dividend_income__2024,long_term_capital_gains_before_response__2024,snap_reported__2024,takes_up_snap_if_eligible__2024,free_school_meals_reported__2024,receives_wic__2024,social_security_disability__2024,social_security_dependents__2024,social_security_survivors__2024,social_security_retirement__2024,social_security__2024,workers_compensation__2024,unemployment_compensation__2024,takes_up_dc_ptc__2024,interest_deduction__2024,pre_tax_contributions__2024,taxable_unemployment_compensation__2024,self_employed_pension_contribution_ald__2024,self_employed_health_insurance_ald__2024,health_savings_account_ald__2024,domestic_production_ald__2024,unreported_payroll_tax__2024,other_credits__2024,recapture_of_investment_credit__2024,amt_foreign_tax_credit__2024,savers_credit__2024,prior_year_minimum_tax_credit__2024,foreign_tax_credit__2024,american_opportunity_credit__2024,energy_efficient_home_improvement_credit__2024,takes_up_eitc__2024,general_business_credit__2024,cdcc_relevant_expenses__2024,tanf_reported__2024,housing_assistance__2024,is_tax_unit_dependent,spm_unit,household_size,working,dependents
0,49372.19,0.0,0.0,1,23,0.0,0.0,0.0,0.0,0.0,0.0,False,0.0,0.0,41.90169,326.8332,0.0,0.0,0.0,0.0,0.0,0.0,0.0,3903.135,914.88184,0.0,769.22565,0.0,13200.0,13466.55,RENTED,0.0,0.0,1772.0756,0.0,0.0,2820.834,344,False,344,477001,477001,1,True,False,True,False,1,False,False,1440415.9,1440415.9,4771,4771.0,47701,477,47701,47701,477,32.0,False,0.0,0.0,0.0,55318.414,48442.184,23935.771,0.0,0.0,38.0,-1.0476191,0.0,0.0,0.0,0.0,0.0,0.0,0.0,0.0,0.0,0.0,-1.0624552,False,0.0,0.0,0.0,0.0,0.0,0.0,0.0,0.0,0.0,0.0,0.0,0.0,0.0,0.0,0.0,0.0,0.0,0.0,0.0,0.0,0.0,0.0,0.0,0.0,129.92406,True,889.97974,False,0.0,0.0,0.0,0.0,0.0,0.0,0.0,True,0.0,326.8332,0.0,0.0,0.0,0.0,0.0,0.0,0.0,0.0,0.0,0.0,0.0,0.0,0.0,0.0,True,0.0,0.0,0.0,0.0,False,477001,2,1,1
2,0.0,0.0,0.0,17,25,0.0,0.0,0.0,0.0,0.0,0.0,False,2073.0862,1257.0508,1047.5424,4190.1694,0.0,0.0,0.0,0.0,0.0,0.0,0.0,0.0,2601.729,1887.3573,1270.1405,0.0,0.0,0.0,OWNED_WITH_MORTGAGE,0.0,0.0,0.0,0.0,0.0,0.0,3632,False,3632,3543001,3543001,0,True,False,True,False,1,False,False,1440415.9,1440415.9,35431,35431.0,354301,3543,354301,354301,3543,81.0,False,0.0,0.0,0.0,32679.146,19874.049,17195.355,0.0,0.0,0.0,-1.0476191,0.0,0.0,0.0,0.0,0.0,0.0,0.0,0.0,1.3718189,2.9151154,-1.0624552,False,0.0,0.0,0.0,0.0,0.0,16240.506,0.0,0.0,0.0,0.0,0.0,0.0,0.0,0.0,0.0,16240.506,0.0,0.0,0.0,0.0,0.0,0.0,0.0,0.0,0.0,True,0.0,False,0.0,0.0,0.0,15505.889,15505.889,0.0,0.0,False,0.0,6263.256,0.0,0.0,0.0,0.0,0.0,0.0,0.0,0.0,0.0,0.0,0.0,0.0,0.0,0.0,True,0.0,0.0,0.0,0.0,False,3543001,1,1,0
3,261904.77,0.0,0.0,21,25,0.0,0.0,0.0,0.0,0.0,0.0,False,0.0,523.7712,314.2627,2933.1184,0.0,0.0,0.0,0.0,0.0,0.0,0.0,19307.797,57439.42,8671.642,14956.031,0.0,0.0,0.0,OWNED_WITH_MORTGAGE,0.0,0.0,3544.1511,0.0,0.0,0.0,4345,False,4345,4050001,4050001,0,False,False,True,False,1,False,False,1440415.9,1440415.9,40501,40501.0,405001,4050,405001,405001,4050,34.0,False,0.0,0.0,0.0,331306.34,227129.98,30495.613,0.0,0.0,40.0,-1.0476191,0.0,0.0,0.0,0.0,0.0,0.0,0.0,0.0,0.0,0.0,-1.0624552,False,0.0,0.0,0.0,0.0,0.0,0.0,0.0,0.0,0.0,0.0,0.0,0.0,0.0,0.0,0.0,0.0,0.0,0.0,0.0,0.0,0.0,2741.2278,3377.5842,0.0,0.0,True,0.0,False,0.0,0.0,0.0,0.0,0.0,0.0,0.0,True,0.0,2933.1184,0.0,0.0,0.0,0.0,0.0,0.0,0.0,0.0,0.0,0.0,0.0,0.0,0.0,0.0,False,0.0,0.0,0.0,0.0,False,4050001,2,2,0
5,42875.906,0.0,0.0,27,25,0.0,0.0,0.0,0.0,0.0,0.0,False,0.0,26.188557,0.0,0.0,0.0,0.0,0.0,0.0,0.0,0.0,0.0,3388.8523,3824.098,0.0,1975.094,0.0,24000.0,24484.635,RENTED,0.0,0.0,1158.9395,0.0,0.0,0.0,5511,False,5511,4867001,4867001,0,False,False,True,False,1,False,False,1440415.9,1440415.9,48671,48671.0,486701,4867,486701,486701,4867,36.0,False,0.0,0.0,0.0,48843.863,38277.79,17991.105,0.0,0.0,28.115385,-1.0476191,0.0,0.0,0.0,0.0,0.0,0.0,0.0,0.0,0.0,0.0,-1.0624552,False,0.0,0.0,0.0,0.0,0.0,0.0,0.0,0.0,0.0,0.0,0.0,0.0,0.0,0.0,0.0,0.0,0.0,0.0,0.0,0.0,0.0,0.0,0.0,0.0,0.0,True,0.0,False,0.0,0.0,0.0,0.0,0.0,0.0,4744.1333,False,0.0,0.0,4744.1333,0.0,0.0,0.0,0.0,0.0,0.0,0.0,0.0,0.0,0.0,0.0,0.0,0.0,True,0.0,0.0,0.0,0.0,False,4867001,1,1,0
7,0.0,14874.372,0.0,0,36,0.0,0.0,0.0,0.0,0.0,0.0,False,2073.0862,0.0,2095.0847,0.0,0.0,0.0,0.0,0.0,0.0,0.0,0.0,2141.5815,1324.1426,15812.994,544.78314,0.0,0.0,0.0,OWNED_WITH_MORTGAGE,0.0,0.0,1703.7225,0.0,0.0,0.0,7883,False,7883,6805001,6805001,0,False,False,True,False,1,False,False,1440415.9,1440415.9,68051,68051.0,680501,6805,680501,680501,6805,76.0,False,0.0,0.0,0.0,62773.887,52613.83,15189.656,0.0,0.0,9.615385,0.0,0.0,0.0,0.0,9094.3545,0.0,0.0,0.0,0.0,0.0,0.0,1062.4551,False,0.0,0.0,0.0,0.0,0.0,0.0,0.0,0.0,0.0,0.0,0.0,0.0,0.0,0.0,0.0,0.0,0.0,0.0,0.0,0.0,0.0,0.0,0.0,0.0,0.0,False,0.0,False,0.0,0.0,0.0,36345.215,36345.215,0.0,0.0,True,0.0,2073.0862,0.0,0.0,0.0,0.0,0.0,0.0,0.0,0.0,0.0,0.0,0.0,0.0,0.0,0.0,True,0.0,0.0,0.0,0.0,False,6805001,1,1,0
8,0.0,0.0,0.0,0,36,0.0,0.0,0.0,0.0,0.0,0.0,False,2250.1208,104.75423,0.0,0.0,0.0,0.0,0.0,0.0,0.0,0.0,0.0,0.0,0.0,28055.312,0.0,0.0,0.0,0.0,OWNED_WITH_MORTGAGE,0.0,0.0,0.0,0.0,0.0,0.0,7919,False,7919,6852001,6852001,0,True,False,True,False,1,False,False,1440415.9,1440415.9,68521,68521.0,685201,6852,685201,685201,6852,85.0,False,943.67865,0.0,0.0,31832.475,30400.062,13187.017,0.0,0.0,0.0,0.0,0.0,0.0,0.0,0.0,0.0,0.0,0.0,0.0,749.35614,1592.3818,0.0,True,0.0,0.0,0.0,0.0,0.0,0.0,0.0,0.0,0.0,0.0,0.0,0.0,0.0,0.0,0.0,0.0,0.0,0.0,0.0,0.0,0.0,0.0,0.0,0.0,0.0,False,0.0,False,0.0,0.0,0.0,27802.113,27802.113,0.0,0.0,False,0.0,2250.1208,0.0,0.0,0.0,0.0,0.0,0.0,0.0,0.0,0.0,0.0,0.0,0.0,0.0,0.0,False,0.0,0.0,0.0,0.0,False,6852001,1,1,0
9,62857.145,0.0,0.0,47,36,0.0,0.0,0.0,0.0,0.0,0.0,False,0.0,52.377113,188.55762,0.0,0.0,0.0,0.0,0.0,0.0,0.0,0.0,4969.5947,5912.627,0.0,4614.3335,0.0,13200.0,13466.55,RENTED,0.0,0.0,511.11676,0.0,0.0,0.0,9000,True,9000,7779001,7779001,0,False,False,True,False,1,False,False,1440415.9,1440415.9,77791,77791.0,777901,7779,777901,777901,7779,47.0,True,0.0,0.0,0.0,64962.023,48391.297,20786.436,0.0,0.0,17.307692,-1.0476191,0.0,0.0,0.0,0.0,0.0,0.0,0.0,0.0,0.0,0.0,-1.0624552,False,0.0,0.0,0.0,0.0,0.0,0.0,0.0,0.0,0.0,0.0,0.0,0.0,0.0,0.0,0.0,0.0,0.0,0.0,0.0,0.0,0.0,0.0,0.0,0.0,0.0,True,0.0,False,0.0,0.0,0.0,0.0,0.0,0.0,0.0,False,0.0,0.0,0.0,0.0,0.0,0.0,0.0,0.0,0.0,0.0,0.0,0.0,0.0,0.0,0.0,0.0,True,0.0,0.0,0.0,0.0,False,7779001,1,1,0
10,0.0,0.0,0.0,0,36,0.0,0.0,0.0,0.0,0.0,0.0,False,2073.0862,419.0169,314.2627,2514.1016,0.0,0.0,0.0,0.0,0.0,0.0,0.0,0.0,6186.5503,6631.2554,1795.5399,0.0,0.0,0.0,OWNED_WITH_MORTGAGE,0.0,0.0,0.0,0.0,0.0,0.0,11749,False,11749,9972001,9972001,0,False,False,True,False,2,False,False,1440415.9,1440415.9,99721,99721.0,997201,9972,997201,997201,9972,70.0,False,0.0,0.0,0.0,68210.125,54618.99,14050.1,0.0,0.0,0.0,-1.0476191,0.0,0.0,0.0,0.0,0.0,0.0,0.0,0.0,0.0,0.0,-1.0624552,False,0.0,0.0,0.0,0.0,0.0,68210.125,0.0,0.0,0.0,0.0,0.0,0.0,0.0,0.0,0.0,68210.125,0.0,0.0,0.0,0.0,0.0,0.0,0.0,0.0,0.0,True,0.0,False,0.0,0.0,0.0,0.0,0.0,0.0,0.0,False,0.0,4587.1875,0.0,0.0,0.0,0.0,0.0,0.0,0.0,0.0,0.0,0.0,0.0,0.0,0.0,0.0,True,0.0,0.0,0.0,0.0,False,9972001,1,1,0
11,75428.57,0.0,0.0,17,34,0.0,0.0,0.0,0.0,0.0,0.0,False,0.0,0.0,0.0,1257.0508,0.0,0.0,0.0,0.0,0.0,0.0,0.0,5963.514,5986.2505,6631.2554,2536.2002,0.0,0.0,0.0,OWNED_WITH_MORTGAGE,0.0,0.0,1772.0756,0.0,0.0,0.0,12769,True,12769,10776001,10776001,0,False,False,True,False,1,True,False,1440415.9,1440415.9,107761,107761.0,1077601,10776,1077601,1077601,10776,55.0,False,0.0,0.0,0.0,92959.58,75030.055,23173.688,0.0,0.0,40.0,-1.0476191,0.0,0.0,0.0,0.0,0.0,0.0,0.0,0.0,0.0,0.0,-1.0624552,False,0.0,0.0,0.0,0.0,0.0,0.0,0.0,0.0,0.0,0.0,0.0,0.0,0.0,0.0,0.0,0.0,0.0,0.0,0.0,0.0,0.0,0.0,0.0,0.0,0.0,False,0.0,False,0.0,0.0,0.0,0.0,0.0,0.0,0.0,True,0.0,1257.0508,0.0,0.0,0.0,0.0,0.0,0.0,0.0,0.0,0.0,0.0,0.0,0.0,0.0,0.0,True,0.0,0.0,0.0,0.0,False,10776001,2,2,0
13,157142.86,0.0,0.0,0,34,0.0,0.0,0.0,0.0,0.0,0.0,False,0.0,2095.0847,523.7712,0.0,0.0,0.0,0.0,0.0,0.0,0.0,0.0,12838.661,15911.365,12752.414,5786.5356,0.0,0.0,0.0,OWNED_WITH_MORTGAGE,0.0,0.0,3544.1511,0.0,0.0,0.0,13211,False,13211,11143001,11143001,2,False,False,True,False,1,False,False,1440415.9,1440415.9,111431,111431.0,1114301,11143,1114301,1114301,11143,52.0,False,0.0,0.0,0.0,179186.92,137827.77,44036.637,0.0,0.0,40.0,-1.0476191,0.0,0.0,0.0,0.0,0.0,0.0,0.0,0.0,0.0,0.0,-1.0624552,False,0.0,0.0,0.0,0.0,0.0,0.0,0.0,0.0,0.0,0.0,0.0,0.0,0.0,0.0,0.0,0.0,0.0,0.0,0.0,0.0,0.0,228.43564,281.46533,0.0,0.0,False,0.0,False,0.0,0.0,0.0,0.0,0.0,0.0,0.0,True,0.0,0.0,0.0,0.0,0.0,0.0,0.0,0.0,0.0,0.0,0.0,0.0,0.0,0.0,0.0,0.0,True,0.0,0.0,0.0,0.0,False,11143001,4,2,2
17,0.0,0.0,0.0,0,34,0.0,0.0,0.0,0.0,0.0,0.0,False,2073.0862,419.0169,314.2627,104.75423,0.0,0.0,0.0,0.0,0.0,0.0,0.0,0.0,5357.2017,0.0,0.0,0.0,0.0,0.0,OWNED_WITH_MORTGAGE,0.0,0.0,0.0,0.0,0.0,0.0,14261,False,14261,12009001,12009001,1,True,True,True,False,1,False,True,1440415.9,1440415.9,120091,120091.0,1200901,12009,1200901,1200901,12009,71.0,False,0.0,0.0,0.0,63627.055,55261.03,28928.598,0.0,0.0,0.0,-1.0476191,0.0,0.0,0.0,0.0,0.0,0.0,0.0,0.0,0.0,0.0,-1.0624552,False,0.0,0.0,0.0,0.0,0.0,63627.055,0.0,0.0,0.0,0.0,0.0,0.0,0.0,0.0,0.0,63627.055,0.0,0.0,0.0,0.0,0.0,0.0,0.0,0.0,0.0,True,0.0,False,0.0,0.0,0.0,0.0,0.0,0.0,0.0,False,0.0,2177.8403,0.0,0.0,0.0,0.0,0.0,0.0,0.0,0.0,0.0,0.0,0.0,0.0,0.0,0.0,True,0.0,0.0,0.0,0.0,False,12009001,3,2,1
20,0.0,26561.379,0.0,0,42,0.0,0.0,0.0,0.0,0.0,0.0,False,0.0,523.7712,0.0,0.0,0.0,0.0,0.0,0.0,0.0,0.0,0.0,3824.098,-10232.602,0.0,0.0,0.0,1920.0,1958.7709,RENTED,0.0,0.0,1568.0369,0.0,0.0,0.0,17308,True,17308,14318001,14318001,2,True,False,True,False,1,False,True,1440415.9,1440415.9,143181,143181.0,1431801,14318,1431801,1431801,14318,27.0,False,0.0,0.0,0.0,27070.758,31622.432,26263.852,0.0,0.0,13.269231,-1.0476191,0.0,0.0,0.0,0.0,0.0,0.0,0.0,0.0,1.0288641,2.1863365,-1.0624552,False,0.0,0.0,0.0,0.0,0.0,0.0,0.0,0.0,0.0,0.0,0.0,0.0,0.0,0.0,0.0,0.0,0.0,0.0,0.0,0.0,0.0,0.0,0.0,0.0,0.0,True,889.97974,False,0.0,0.0,0.0,0.0,0.0,0.0,0.0,False,0.0,0.0,0.0,0.0,0.0,0.0,0.0,0.0,0.0,0.0,0.0,0.0,0.0,0.0,0.0,0.0,True,0.0,0.0,0.0,0.0,False,14318001,3,1,2
23,0.0,0.0,0.0,21,42,0.0,0.0,0.0,0.0,0.0,0.0,False,2073.0862,0.0,104.75423,1257.0508,0.0,0.0,0.0,0.0,0.0,0.0,0.0,0.0,0.0,76.51449,0.0,0.0,0.0,0.0,OWNED_WITH_MORTGAGE,0.0,0.0,0.0,0.0,0.0,0.0,15264,False,15264,12801001,12801001,0,True,False,True,False,1,False,False,1440415.9,1440415.9,128011,128011.0,1280101,12801,1280101,1280101,12801,65.0,False,0.0,0.0,0.0,51494.316,44393.965,17769.725,0.0,0.0,0.0,0.0,0.0,0.0,0.0,0.0,0.0,0.0,0.0,0.0,2400.683,5101.4517,0.0,True,0.0,0.0,0.0,0.0,0.0,0.0,0.0,0.0,0.0,0.0,0.0,0.0,0.0,0.0,0.0,0.0,0.0,0.0,0.0,0.0,0.0,0.0,0.0,0.0,0.0,True,0.0,False,0.0,0.0,0.0,14710.112,14710.112,0.0,0.0,False,0.0,3330.137,0.0,0.0,0.0,0.0,0.0,0.0,0.0,0.0,0.0,0.0,0.0,0.0,0.0,0.0,True,0.0,0.0,0.0,0.0,False,12801001,2,2,0
25,2619.0476,424.98206,0.0,0,39,0.0,0.0,0.0,0.0,0.0,0.0,False,0.0,366.6398,0.0,0.0,1299.2405,0.0,0.0,0.0,0.0,0.0,0.0,207.87848,-1132.5046,10712.028,0.0,0.0,0.0,0.0,OWNED_WITH_MORTGAGE,0.0,0.0,1568.0369,0.0,0.0,11018.086,18296,False,18296,15130001,15130001,1,True,False,True,False,1,False,False,1440415.9,1440415.9,151301,151301.0,1513001,15130,1513001,1513001,15130,46.0,False,0.0,0.0,0.0,19518.924,20394.828,20469.156,0.0,0.0,26.538462,-1.0476191,0.0,0.0,0.0,0.0,0.0,3824.8384,0.0,0.0,78.19368,166.16156,-1.0624552,False,0.0,0.0,0.0,0.0,0.0,0.0,0.0,0.0,0.0,0.0,0.0,0.0,0.0,0.0,0.0,0.0,0.0,0.0,0.0,0.0,0.0,228.43564,281.46533,0.0,1429.1646,True,889.97974,False,0.0,0.0,0.0,0.0,0.0,0.0,0.0,True,0.0,0.0,0.0,424.98206,0.0,0.0,0.0,0.0,0.0,0.0,0.0,649.62024,0.0,0.0,0.0,0.0,True,0.0,0.0,0.0,0.0,False,15130001,2,1,1
27,0.0,0.0,0.0,0,39,0.0,0.0,0.0,0.0,0.0,0.0,False,0.0,104.75423,0.0,0.0,0.0,0.0,0.0,0.0,0.0,0.0,0.0,0.0,0.0,1274.2212,0.0,0.0,0.0,0.0,OWNED_WITH_MORTGAGE,0.0,0.0,0.0,0.0,0.0,0.0,18607,False,18607,15368001,15368001,0,True,False,True,False,1,False,False,1440415.9,1440415.9,153681,153681.0,1536801,15368,1536801,1536801,15368,72.0,False,0.0,0.0,0.0,22896.95,22680.408,22272.857,0.0,0.0,0.0,0.0,0.0,0.0,0.0,0.0,0.0,0.0,0.0,0.0,4115.457,8745.346,0.0,True,0.0,0.0,0.0,0.0,0.0,0.0,0.0,0.0,0.0,0.0,0.0,0.0,0.0,0.0,0.0,0.0,0.0,0.0,0.0,0.0,0.0,29.696634,36.590496,0.0,0.0,True,0.0,False,0.0,0.0,0.0,5086.2256,5086.2256,0.0,0.0,False,0.0,0.0,0.0,0.0,0.0,0.0,0.0,0.0,0.0,0.0,0.0,0.0,0.0,0.0,0.0,0.0,False,0.0,0.0,0.0,0.0,False,15368001,2,2,0
29,117333.336,0.0,0.0,0,18,0.0,0.0,0.0,0.0,0.0,0.0,False,0.0,104.75423,7856.5674,7856.5674,0.0,0.0,0.0,0.0,0.0,0.0,0.0,20044.033,37063.0,1377.2607,11653.666,0.0,0.0,0.0,OWNED_WITH_MORTGAGE,0.0,0.0,3544.1511,0.0,0.0,0.0,21434,False,21434,17505001,17505001,2,False,False,True,False,6,False,False,1440415.9,1440415.9,175051,175051.0,1750501,17505,1750501,1750501,17505,44.0,False,0.0,0.0,0.0,262013.5,169858.38,35242.574,0.0,0.0,50.0,13619.048,0.0,0.0,0.0,0.0,0.0,0.0,0.0,0.0,0.0,0.0,0.0,True,0.0,0.0,0.0,0.0,0.0,0.0,0.0,0.0,0.0,0.0,0.0,0.0,0.0,0.0,0.0,0.0,0.0,0.0,0.0,0.0,0.0,0.0,0.0,0.0,0.0,True,352.96033,False,0.0,0.0,0.0,0.0,0.0,0.0,0.0,True,0.0,7856.5674,0.0,0.0,0.0,0.0,0.0,0.0,0.0,0.0,0.0,0.0,0.0,0.0,0.0,0.0,False,0.0,0.0,0.0,0.0,False,17505001,4,2,2
33,125714.29,0.0,0.0,0,17,0.0,0.0,0.0,0.0,0.0,0.0,False,0.0,0.0,0.0,838.0338,0.0,0.0,0.0,0.0,0.0,0.0,0.0,26377.83,90080.67,8671.642,21095.555,0.0,0.0,0.0,OWNED_WITH_MORTGAGE,0.0,0.0,4362.3457,0.0,0.0,0.0,22630,False,22630,18372001,18372001,1,True,False,True,False,1,False,False,1440415.9,1440415.9,183721,183721.0,1837201,18372,1837201,1837201,18372,60.0,False,0.0,0.0,0.0,460147.7,313531.62,38394.97,0.0,0.0,40.0,-1.0476191,0.0,0.0,0.0,0.0,0.0,0.0,0.0,0.0,0.0,0.0,-1.0624552,False,0.0,0.0,0.0,0.0,0.0,0.0,0.0,0.0,0.0,0.0,0.0,0.0,0.0,0.0,0.0,0.0,0.0,0.0,0.0,0.0,0.0,0.0,0.0,0.0,0.0,True,0.0,False,0.0,0.0,0.0,0.0,0.0,0.0,0.0,False,0.0,838.0338,0.0,0.0,0.0,0.0,0.0,0.0,0.0,0.0,0.0,0.0,0.0,0.0,0.0,0.0,True,0.0,0.0,0.0,0.0,False,18372001,3,2,1
36,125714.29,0.0,0.0,0,17,0.0,0.0,0.0,0.0,0.0,0.0,False,0.0,942.7881,942.7881,523.7712,0.0,0.0,0.0,0.0,0.0,0.0,0.0,9939.189,20599.459,0.0,5987.5137,0.0,14400.0,14690.781,RENTED,0.0,0.0,1635.3696,0.0,0.0,0.0,22698,False,22698,18415001,18415001,0,False,False,True,False,1,False,False,1440415.9,1440415.9,184151,184151.0,1841501,18415,1841501,1841501,18415,29.0,False,0.0,0.0,0.0,131006.75,89887.95,18076.803,0.0,0.0,60.0,-1.0476191,0.0,0.0,0.0,0.0,0.0,0.0,0.0,0.0,0.0,0.0,-1.0624552,False,0.0,0.0,0.0,0.0,0.0,0.0,0.0,0.0,0.0,0.0,0.0,0.0,0.0,0.0,0.0,0.0,0.0,0.0,0.0,0.0,0.0,456.87128,562.93066,0.0,0.0,True,0.0,False,0.0,0.0,0.0,0.0,0.0,0.0,0.0,False,0.0,523.7712,0.0,0.0,0.0,0.0,0.0,0.0,0.0,0.0,0.0,0.0,0.0,0.0,0.0,0.0,False,0.0,0.0,0.0,0.0,False,18415001,1,1,0
37,0.0,0.0,0.0,0,17,0.0,0.0,0.0,0.0,0.0,0.0,False,2061.5632,130.9428,209.50845,1508.4609,0.0,0.0,0.0,0.0,0.0,0.0,0.0,6791.78,15279.068,2703.512,3864.4917,0.0,0.0,0.0,OWNED_WITH_MORTGAGE,0.0,0.0,1499.684,0.0,0.0,0.0,22787,False,22787,18476001,18476001,0,True,False,True,False,1,False,False,1440415.9,1440415.9,184761,184761.0,1847601,18476,1847601,1847601,18476,71.0,False,0.0,0.0,0.0,159490.44,123383.46,25090.63,0.0,0.0,0.0,0.0,0.0,0.0,0.0,0.0,0.0,0.0,0.0,0.0,0.0,0.0,0.0,True,0.0,0.0,0.0,0.0,0.0,0.0,0.0,0.0,0.0,0.0,0.0,0.0,0.0,0.0,0.0,0.0,0.0,0.0,0.0,0.0,0.0,45.687126,56.29307,0.0,0.0,True,0.0,False,0.0,0.0,0.0,17333.416,17333.416,0.0,0.0,False,0.0,3570.0242,0.0,0.0,0.0,0.0,0.0,0.0,0.0,0.0,0.0,0.0,0.0,0.0,0.0,0.0,True,0.0,0.0,0.0,0.0,False,18476001,2,2,0
39,157142.86,0.0,0.0,125,26,0.0,0.0,0.0,0.0,0.0,0.0,False,0.0,52.377113,0.0,2095.0847,0.0,0.0,0.0,0.0,0.0,0.0,0.0,17808.256,26657.168,0.0,7767.7505,0.0,31199.0,31829.006,RENTED,0.0,0.0,29048.98,27067.51,0.0,0.0,26117,False,26117,20987001,20987001,3,True,False,True,False,1,False,False,1440415.9,1440415.9,209871,209871.0,2098701,20987,2098701,2098701,20987,41.0,False,0.0,0.0,0.0,232780.6,148846.4,40954.633,0.0,0.0,35.0,-1.0476191,0.0,0.0,0.0,0.0,0.0,0.0,0.0,0.0,0.0,0.0,-1.0624552,False,0.0,0.0,0.0,0.0,0.0,0.0,0.0,0.0,0.0,0.0,0.0,0.0,0.0,0.0,0.0,0.0,0.0,0.0,0.0,0.0,0.0,0.0,0.0,0.0,0.0,False,2039.8076,False,0.0,0.0,0.0,0.0,0.0,0.0,0.0,False,0.0,2095.0847,0.0,0.0,0.0,0.0,0.0,0.0,0.0,0.0,0.0,0.0,0.0,0.0,0.0,0.0,True,0.0,6000.0,0.0,0.0,False,20987001,5,2,3
44,94285.71,0.0,0.0,0,26,0.0,0.0,0.0,0.0,0.0,0.0,False,0.0,0.0,0.0,2514.1016,0.0,0.0,0.0,0.0,0.0,0.0,0.0,7454.3926,5332.3,0.0,3049.3574,0.0,3600.0,3672.6953,RENTED,0.0,0.0,1772.0756,0.0,0.0,0.0,27282,False,27282,21862001,21862001,2,True,False,True,False,2,False,False,1440415.9,1440415.9,218621,218621.0,2186201,21862,2186201,2186201,21862,41.0,False,0.0,0.0,0.0,97443.04,77293.984,29556.016,0.0,0.0,40.0,-1.0476191,0.0,0.0,0.0,0.0,0.0,0.0,0.0,0.0,0.0,0.0,-1.0624552,False,0.0,0.0,0.0,0.0,0.0,0.0,0.0,0.0,0.0,0.0,0.0,0.0,0.0,0.0,0.0,0.0,0.0,0.0,0.0,0.0,0.0,0.0,0.0,0.0,0.0,False,352.96033,False,0.0,0.0,0.0,0.0,0.0,0.0,0.0,False,0.0,2514.1016,0.0,0.0,0.0,0.0,0.0,0.0,0.0,0.0,0.0,0.0,0.0,0.0,0.0,0.0,True,0.0,0.0,0.0,0.0,False,21862001,3,1,2
47,144571.42,0.0,0.0,121,26,0.0,0.0,0.0,0.0,0.0,0.0,False,0.0,1047.5424,104.75423,301.69217,0.0,0.0,0.0,0.0,0.0,0.0,0.0,11613.045,25503.008,3723.705,3623.726,0.0,0.0,0.0,OWNED_WITH_MORTGAGE,0.0,0.0,3544.1511,0.0,0.0,0.0,27491,False,27491,22004001,22004001,1,False,False,True,False,1,False,False,1440415.9,1440415.9,220041,220041.0,2200401,22004,2200401,2200401,22004,73.0,False,0.0,0.0,0.0,205223.7,159530.5,33902.04,0.0,0.0,40.0,-1.0476191,0.0,0.0,0.0,4005.8467,0.0,0.0,0.0,0.0,0.0,0.0,-1.0624552,False,0.0,0.0,0.0,0.0,0.0,0.0,0.0,0.0,0.0,0.0,0.0,0.0,0.0,0.0,0.0,0.0,0.0,0.0,0.0,0.0,0.0,0.0,0.0,0.0,3780.7898,True,0.0,False,0.0,0.0,0.0,30646.068,30646.068,0.0,0.0,False,0.0,301.69217,0.0,0.0,0.0,0.0,0.0,0.0,0.0,0.0,0.0,0.0,0.0,0.0,0.0,0.0,True,0.0,0.0,0.0,0.0,False,22004001,3,2,1
50,31428.572,0.0,0.0,0,55,0.0,0.0,0.0,0.0,0.0,0.0,False,0.0,0.0,4190.1694,2828.3643,0.0,0.0,0.0,0.0,0.0,0.0,0.0,2484.7974,2951.4414,2499.4731,1100.7885,0.0,0.0,0.0,OWNED_WITH_MORTGAGE,0.0,0.0,1772.0756,0.0,0.0,0.0,27782,False,27782,22293001,22293001,0,True,False,True,False,1,False,False,1440415.9,1440415.9,222931,222931.0,2229301,22293,2229301,2229301,22293,59.0,False,0.0,0.0,0.0,41575.695,25836.48,13074.796,0.0,0.0,40.0,-1.0476191,0.0,0.0,0.0,0.0,0.0,0.0,0.0,0.0,0.0,0.0,-1.0624552,False,0.0,0.0,0.0,0.0,0.0,9094.684,0.0,0.0,0.0,0.0,0.0,0.0,0.0,0.0,0.0,9094.684,0.0,0.0,0.0,0.0,0.0,0.0,0.0,0.0,0.0,True,0.0,False,0.0,0.0,0.0,0.0,0.0,0.0,0.0,False,0.0,2828.3643,0.0,0.0,0.0,0.0,0.0,0.0,0.0,0.0,0.0,0.0,0.0,0.0,0.0,0.0,True,0.0,0.0,0.0,0.0,False,22293001,1,1,0
51,0.0,0.0,0.0,0,55,0.0,0.0,0.0,0.0,0.0,0.0,False,2074.1338,104.75423,1047.5424,1257.0508,0.0,0.0,0.0,0.0,0.0,0.0,0.0,0.0,0.0,3315.6277,0.0,0.0,0.0,0.0,OWNED_WITH_MORTGAGE,0.0,0.0,0.0,0.0,0.0,0.0,28212,False,28212,22563001,22563001,0,True,False,True,False,1,False,False,1440415.9,1440415.9,225631,225631.0,2256301,22563,2256301,2256301,22563,76.0,False,0.0,0.0,0.0,58449.582,53490.812,22154.514,0.0,0.0,0.0,-1.0476191,0.0,0.0,0.0,0.0,0.0,0.0,0.0,0.0,181.76602,386.25278,-1.0624552,False,0.0,0.0,0.0,0.0,0.0,2390.6025,0.0,5413.502,0.0,0.0,0.0,0.0,0.0,0.0,0.0,2390.6025,0.0,0.0,0.0,0.0,0.0,685.30695,844.39606,0.0,0.0,True,0.0,False,0.0,0.0,0.0,32656.45,32656.45,0.0,0.0,False,0.0,3331.1846,0.0,0.0,0.0,0.0,0.0,0.0,0.0,0.0,0.0,0.0,0.0,0.0,0.0,0.0,False,0.0,0.0,0.0,0.0,False,22563001,2,2,0
53,0.0,0.0,0.0,0,55,0.0,0.0,0.0,0.0,0.0,0.0,False,2073.0862,628.5254,3771.1523,209.50845,0.0,0.0,0.0,0.0,0.0,0.0,0.0,0.0,1593.735,535.6014,286.6743,0.0,0.0,0.0,OWNED_WITH_MORTGAGE,0.0,0.0,0.0,0.0,0.0,0.0,28489,False,28489,22731001,22731001,0,False,False,True,False,1,False,False,1440415.9,1440415.9,227311,227311.0,2273101,22731,2273101,2273101,22731,72.0,False,0.0,0.0,0.0,78069.195,66472.39,23063.506,0.0,0.0,0.0,0.0,0.0,0.0,0.0,0.0,0.0,0.0,0.0,0.0,0.0,0.0,0.0,True,0.0,0.0,0.0,0.0,0.0,35079.492,0.0,0.0,0.0,0.0,0.0,0.0,0.0,0.0,0.0,35079.492,0.0,0.0,0.0,0.0,0.0,0.0,0.0,0.0,0.0,True,0.0,False,0.0,0.0,0.0,26538.473,26538.473,0.0,0.0,False,0.0,2282.5947,0.0,0.0,0.0,0.0,0.0,0.0,0.0,0.0,0.0,0.0,0.0,0.0,0.0,0.0,True,0.0,0.0,0.0,0.0,False,22731001,2,2,0
55,0.0,0.0,0.0,0,55,0.0,0.0,0.0,0.0,0.0,0.0,False,0.0,0.0,0.0,0.0,0.0,0.0,0.0,0.0,0.0,0.0,0.0,4969.5947,4276.6665,0.0,2398.474,0.0,4200.0,4284.811,RENTED,0.0,0.0,1772.0756,0.0,0.0,0.0,28654,False,28654,22895001,22895001,0,False,False,True,False,2,False,True,1440415.9,1440415.9,228951,228951.0,2289501,22895,2289502,2289502,22895,38.0,False,0.0,0.0,0.0,66152.99,46850.613,23384.867,0.0,0.0,0.0,0.0,0.0,0.0,0.0,0.0,0.0,0.0,0.0,0.0,0.0,0.0,0.0,True,0.0,0.0,0.0,0.0,0.0,0.0,0.0,0.0,0.0,0.0,0.0,0.0,0.0,0.0,0.0,0.0,0.0,0.0,0.0,0.0,0.0,0.0,0.0,0.0,0.0,True,0.0,False,612.9213,0.0,0.0,0.0,612.9213,0.0,0.0,False,0.0,0.0,0.0,0.0,0.0,0.0,0.0,0.0,0.0,0.0,0.0,0.0,0.0,0.0,0.0,0.0,True,0.0,0.0,0.0,0.0,False,22895001,2,2,0
57,52380.953,0.0,0.0,0,55,0.0,0.0,0.0,0.0,0.0,0.0,False,0.0,52.377113,3142.627,4766.3174,0.0,0.0,0.0,0.0,0.0,0.0,0.0,10767.456,9875.311,3111.589,5308.065,0.0,0.0,0.0,OWNED_WITH_MORTGAGE,0.0,0.0,3544.1511,0.0,0.0,0.0,28739,False,28739,22938001,22938001,2,True,False,True,False,1,True,False,1440415.9,1440415.9,229381,229381.0,2293801,22938,2293801,2293801,22938,42.0,False,0.0,0.0,0.0,140751.06,101250.9,35291.543,0.0,0.0,40.0,-1.0476191,0.0,0.0,0.0,0.0,0.0,0.0,0.0,0.0,0.0,0.0,-1.0624552,False,0.0,0.0,0.0,0.0,0.0,0.0,0.0,0.0,0.0,0.0,0.0,0.0,0.0,0.0,0.0,0.0,0.0,0.0,0.0,0.0,0.0,0.0,0.0,0.0,0.0,True,0.0,False,0.0,0.0,0.0,0.0,0.0,0.0,0.0,False,0.0,4766.3174,0.0,0.0,0.0,0.0,0.0,0.0,0.0,0.0,0.0,0.0,0.0,0.0,0.0,0.0,False,0.0,0.0,0.0,0.0,False,22938001,4,2,2
61,0.0,0.0,0.0,0,55,0.0,0.0,0.0,0.0,0.0,0.0,False,0.0,125.70508,0.0,3666.398,0.0,0.0,0.0,0.0,0.0,0.0,0.0,0.0,0.0,3723.705,0.0,0.0,0.0,0.0,OWNED_WITH_MORTGAGE,0.0,0.0,0.0,0.0,0.0,0.0,28745,False,28745,22942001,22942001,1,True,False,True,False,1,False,True,1440415.9,1440415.9,229421,229421.0,2294201,22942,2294201,2294201,22942,85.0,False,0.0,0.0,0.0,50172.336,44174.176,23063.506,0.0,0.0,0.0,-1.0476191,0.0,0.0,0.0,0.0,0.0,0.0,0.0,0.0,52.12912,110.77438,-1.0624552,False,0.0,0.0,0.0,0.0,0.0,9536.426,0.0,0.0,0.0,0.0,0.0,0.0,0.0,0.0,0.0,9536.426,0.0,0.0,0.0,0.0,0.0,0.0,0.0,0.0,0.0,True,0.0,False,0.0,0.0,0.0,15505.889,15505.889,0.0,0.0,False,0.0,3666.398,0.0,0.0,0.0,0.0,0.0,0.0,0.0,0.0,0.0,0.0,0.0,0.0,0.0,0.0,True,0.0,0.0,0.0,0.0,False,22942001,2,2,0
63,17809.523,0.0,0.0,0,19,0.0,0.0,0.0,0.0,0.0,0.0,False,0.0,104.75423,100.564064,0.0,0.0,0.0,10393.924,0.0,0.0,0.0,0.0,1408.5933,290.16373,1275.2415,-7.141352,0.0,0.0,0.0,OWNED_WITH_MORTGAGE,0.0,0.0,1362.978,0.0,0.0,0.0,31101,False,31101,24505001,24505001,0,True,False,True,False,7,False,False,1440415.9,1440415.9,245051,245051.0,2450501,24505,2450501,2450501,24505,55.0,False,367.26953,0.0,0.0,18416.734,17386.004,12810.565,0.0,0.0,29.23077,-1.0476191,0.0,0.0,0.0,0.0,0.0,0.0,0.0,0.0,3.4295475,7.2877884,-1.0624552,False,0.0,0.0,0.0,0.0,0.0,0.0,0.0,0.0,0.0,0.0,0.0,0.0,0.0,0.0,0.0,0.0,0.0,0.0,0.0,0.0,0.0,0.0,0.0,0.0,1929.3722,True,0.0,False,0.0,0.0,0.0,0.0,0.0,0.0,0.0,False,0.0,10393.924,0.0,0.0,0.0,0.0,0.0,0.0,0.0,0.0,0.0,1000.0,0.0,0.0,0.0,0.0,True,0.0,0.0,0.0,0.0,False,24505001,1,1,0
64,99000.0,0.0,0.0,0,29,0.0,0.0,0.0,0.0,0.0,0.0,False,0.0,209.50845,209.50845,5028.203,0.0,0.0,0.0,0.0,0.0,0.0,0.0,7827.924,13750.295,6631.2554,3786.957,0.0,0.0,0.0,OWNED_WITH_MORTGAGE,0.0,0.0,1772.0756,0.0,0.0,0.0,32752,False,32752,25702001,25702001,0,False,False,True,False,1,False,False,1440415.9,1440415.9,257021,257021.0,2570201,25702,2570201,2570201,25702,31.0,False,0.0,0.0,0.0,102315.19,69207.3,16713.824,0.0,0.0,40.0,-1.0476191,0.0,0.0,0.0,0.0,0.0,0.0,0.0,0.0,0.0,0.0,-1.0624552,False,0.0,0.0,0.0,0.0,0.0,0.0,0.0,0.0,0.0,0.0,0.0,0.0,0.0,0.0,0.0,0.0,0.0,0.0,0.0,0.0,0.0,0.0,0.0,0.0,0.0,True,0.0,False,0.0,0.0,0.0,0.0,0.0,0.0,0.0,False,0.0,5028.203,0.0,0.0,0.0,0.0,0.0,0.0,0.0,0.0,0.0,0.0,0.0,0.0,0.0,0.0,False,0.0,0.0,0.0,0.0,False,25702001,1,1,0
65,38761.906,0.0,0.0,55,31,0.0,0.0,0.0,0.0,0.0,0.0,False,0.0,157.13135,104.75423,1047.5424,0.0,0.0,0.0,0.0,0.0,0.0,0.0,3976.7585,2531.3535,7651.4487,1019.173,0.0,0.0,0.0,OWNED_WITH_MORTGAGE,0.0,0.0,3544.1511,0.0,0.0,0.0,37371,False,37371,29482001,29482001,0,False,False,True,False,1,False,False,1440415.9,1440415.9,294821,294821.0,2948201,29482,2948201,2948201,29482,31.0,False,0.0,0.0,0.0,54569.184,41702.37,23328.756,0.0,0.0,40.0,52380.953,0.0,0.0,0.0,0.0,0.0,0.0,0.0,0.0,0.0,0.0,0.0,False,0.0,0.0,0.0,0.0,0.0,0.0,0.0,0.0,0.0,0.0,0.0,0.0,0.0,0.0,0.0,0.0,0.0,0.0,0.0,0.0,0.0,0.0,0.0,0.0,0.0,True,0.0,False,0.0,0.0,0.0,0.0,0.0,1.0827004,2720.0,False,0.0,1047.5424,2720.0,0.0,0.0,0.0,0.0,0.0,0.0,0.0,0.0,0.0,0.0,0.0,0.0,0.0,True,0.0,0.0,0.0,0.0,False,29482001,2,2,0
67,0.0,0.0,0.0,3,10,0.0,0.0,0.0,0.0,0.0,0.0,False,0.0,104.75423,419.0169,0.0,0.0,0.0,0.0,0.0,0.0,0.0,0.0,0.0,0.0,8671.642,0.0,0.0,0.0,0.0,OWNED_WITH_MORTGAGE,0.0,0.0,0.0,0.0,0.0,0.0,39526,False,39526,31149001,31149001,0,False,False,True,False,1,False,False,1440415.9,1440415.9,311491,311491.0,3114901,31149,3114901,3114901,31149,64.0,False,0.0,0.0,0.0,31738.28,31814.068,21478.127,0.0,0.0,0.0,-1.0476191,0.0,0.0,0.0,0.0,0.0,0.0,0.0,0.0,0.0,0.0,-1.0624552,False,0.0,0.0,0.0,0.0,0.0,0.0,0.0,0.0,0.0,0.0,0.0,0.0,0.0,0.0,0.0,0.0,0.0,0.0,0.0,0.0,0.0,0.0,0.0,0.0,617.1392,True,0.0,False,0.0,0.0,0.0,29945.295,29945.295,0.0,0.0,False,0.0,0.0,0.0,0.0,0.0,0.0,0.0,0.0,0.0,0.0,0.0,0.0,0.0,0.0,0.0,0.0,True,0.0,0.0,0.0,0.0,False,31149001,2,2,0
69,0.0,0.0,0.0,510,24,0.0,0.0,0.0,0.0,0.0,0.0,False,0.0,10.475423,0.0,0.0,0.0,0.0,0.0,0.0,0.0,0.0,0.0,0.0,0.0,0.0,0.0,0.0,13200.0,13466.55,RENTED,0.0,0.0,0.0,0.0,0.0,0.0,41082,False,41082,32472001,32472001,0,False,False,True,False,2,False,True,1440415.9,1440415.9,324721,324721.0,3247201,32472,3247201,3247201,32472,55.0,False,0.0,6399.672,0.0,11875.059,21254.492,19507.113,0.0,11875.059,0.0,-1.0476191,0.0,0.0,0.0,0.0,0.0,0.0,0.0,0.0,0.0,0.0,-1.0624552,False,0.0,0.0,0.0,0.0,0.0,0.0,0.0,0.0,0.0,0.0,0.0,0.0,0.0,0.0,0.0,0.0,0.0,0.0,0.0,0.0,0.0,0.0,0.0,0.0,2598.481,False,0.0,False,0.0,0.0,0.0,0.0,0.0,0.0,0.0,False,0.0,0.0,0.0,0.0,0.0,0.0,0.0,0.0,0.0,0.0,0.0,0.0,0.0,0.0,0.0,0.0,False,0.0,0.0,0.0,0.0,False,32472001,1,1,0
70,32685.715,0.0,0.0,0,24,0.0,0.0,0.0,0.0,0.0,0.0,False,0.0,261.8856,2095.0847,1309.4279,0.0,0.0,0.0,0.0,0.0,0.0,0.0,5897.469,5279.247,1581.2994,4661.2627,0.0,0.0,0.0,OWNED_WITH_MORTGAGE,0.0,0.0,3135.0535,0.0,0.0,0.0,41253,False,41253,32609001,32609001,0,True,False,True,False,1,False,False,1440415.9,1440415.9,326091,326091.0,3260901,32609,3260901,3260901,32609,63.0,False,0.0,0.0,0.0,97673.66,73653.945,46258.617,0.0,0.0,30.76923,-1.0476191,0.0,0.0,0.0,0.0,0.0,0.0,0.0,0.0,0.0,0.0,-1.0624552,False,0.0,0.0,0.0,0.0,0.0,0.0,0.0,0.0,0.0,0.0,0.0,0.0,0.0,0.0,0.0,0.0,0.0,0.0,0.0,0.0,0.0,0.0,0.0,0.0,0.0,True,0.0,False,0.0,0.0,0.0,1634.4569,1634.4569,0.0,2.2666667,True,0.0,1309.4279,2.2666667,0.0,0.0,0.0,0.0,0.0,0.0,0.0,0.0,0.0,0.0,0.0,0.0,0.0,True,0.0,0.0,0.0,0.0,False,32609001,3,3,0
73,0.0,382.48386,0.0,0,24,0.0,0.0,0.0,0.0,0.0,0.0,False,0.0,261.8856,104.75423,0.0,0.0,0.0,0.0,0.0,0.0,0.0,0.0,0.0,-132.08945,3825.7244,-56.110622,0.0,0.0,0.0,OWNED_WITH_MORTGAGE,0.0,0.0,204.03864,0.0,0.0,0.0,41314,False,41314,32662001,32662001,1,True,False,True,False,1,False,False,1440415.9,1440415.9,326621,326621.0,3266201,32662,3266201,3266201,32662,46.0,False,0.0,0.0,0.0,5283.578,4663.191,32353.385,0.0,0.0,0.34615386,-1.0476191,0.0,0.0,0.0,0.0,0.0,0.0,0.0,0.0,1207.2007,2565.3015,-1.0624552,False,0.0,0.0,0.0,0.0,0.0,0.0,0.0,16240.506,0.0,0.0,0.0,0.0,0.0,0.0,0.0,0.0,0.0,0.0,0.0,0.0,0.0,0.0,0.0,0.0,0.0,True,0.0,False,0.0,0.0,0.0,0.0,0.0,0.0,0.0,False,0.0,0.0,0.0,0.0,0.0,0.0,0.0,0.0,0.0,0.0,0.0,0.0,0.0,0.0,0.0,0.0,True,0.0,0.0,0.0,0.0,False,32662001,2,1,1
75,0.0,0.0,0.0,0,51,0.0,0.0,0.0,0.0,0.0,0.0,True,0.0,52.377113,0.0,3142.627,0.0,0.0,0.0,0.0,0.0,0.0,0.0,5797.861,11347.783,6631.2554,4939.7754,0.0,0.0,0.0,OWNED_WITH_MORTGAGE,0.0,0.0,1772.0756,0.0,0.0,0.0,44628,False,44628,36002001,36002001,0,False,False,True,False,2,False,False,1440415.9,1440415.9,360021,360021.0,3600201,36002,3600201,3600201,36002,64.0,False,0.0,0.0,0.0,140751.06,110365.07,37807.34,0.0,0.0,0.0,-1.0476191,0.0,0.0,0.0,0.0,0.0,0.0,0.0,0.0,0.0,0.0,-1.0624552,False,0.0,0.0,0.0,0.0,0.0,51969.62,0.0,0.0,0.0,0.0,0.0,0.0,0.0,0.0,0.0,51969.62,0.0,0.0,0.0,0.0,0.0,0.0,0.0,0.0,0.0,True,0.0,False,0.0,0.0,0.0,0.0,0.0,0.0,0.0,False,0.0,3142.627,0.0,0.0,0.0,0.0,0.0,0.0,0.0,0.0,0.0,0.0,0.0,0.0,0.0,0.0,True,0.0,0.0,0.0,0.0,False,36002001,3,3,0
78,0.0,21249.104,0.0,700,51,0.0,0.0,0.0,0.0,0.0,0.0,False,0.0,104.75423,523.7712,0.0,0.0,0.0,0.0,0.0,0.0,0.0,0.0,4384.9365,-4498.62,8671.642,0.0,0.0,0.0,0.0,OWNED_WITH_MORTGAGE,0.0,0.0,3475.798,0.0,0.0,0.0,45579,False,45579,36650001,36650001,1,True,False,True,False,1,False,False,1440415.9,1440415.9,366501,366501.0,3665001,36650,3665001,3665001,36650,41.0,False,0.0,0.0,0.0,40168.188,29501.422,33277.68,0.0,0.0,19.23077,-1.0476191,0.0,0.0,0.0,0.0,0.0,0.0,0.0,0.0,17.147738,36.438942,-1.0624552,False,0.0,0.0,0.0,0.0,0.0,0.0,0.0,0.0,0.0,0.0,0.0,0.0,0.0,0.0,0.0,0.0,0.0,0.0,0.0,0.0,0.0,0.0,0.0,0.0,0.0,True,0.0,False,0.0,0.0,0.0,0.0,0.0,0.0,0.0,False,0.0,0.0,0.0,0.0,0.0,0.0,0.0,0.0,0.0,0.0,0.0,1000.0,0.0,0.0,0.0,0.0,True,0.0,0.0,0.0,0.0,False,36650001,3,2,1
81,20952.38,0.0,0.0,1,37,0.0,0.0,0.0,0.0,0.0,0.0,False,0.0,392.82837,0.0,0.0,0.0,0.0,0.0,0.0,0.0,0.0,0.0,7870.1494,3536.0996,0.0,2132.2036,0.0,6600.0,6733.275,RENTED,0.0,0.0,7088.3022,0.0,0.0,0.0,47991,False,47991,38753001,38753001,2,True,False,True,False,1,False,False,1440415.9,1440415.9,387531,387531.0,3875301,38753,3875301,3875301,38753,44.0,False,0.0,0.0,0.0,102856.54,80852.82,41237.227,0.0,0.0,40.0,-1.0476191,0.0,0.0,0.0,0.0,0.0,0.0,0.0,0.0,0.0,0.0,-1.0624552,False,0.0,0.0,0.0,0.0,0.0,0.0,0.0,0.0,0.0,0.0,0.0,0.0,0.0,0.0,0.0,0.0,0.0,0.0,0.0,0.0,0.0,0.0,0.0,0.0,0.0,False,0.0,False,0.0,0.0,0.0,0.0,0.0,0.0,0.0,False,0.0,0.0,0.0,0.0,0.0,0.0,0.0,0.0,0.0,0.0,0.0,0.0,0.0,0.0,0.0,0.0,True,0.0,0.0,0.0,0.0,False,38753001,4,2,2
85,0.0,0.0,0.0,0,45,0.0,0.0,0.0,0.0,0.0,0.0,False,0.0,838.0338,523.7712,0.0,0.0,0.0,0.0,0.0,0.0,0.0,0.0,0.0,0.0,1070.1826,0.0,0.0,0.0,0.0,OWNED_WITH_MORTGAGE,0.0,0.0,0.0,0.0,0.0,0.0,52338,False,52338,42042001,42042001,3,False,False,True,False,2,False,False,1440415.9,1440415.9,420421,420421.0,4204201,42042,4204201,4204201,42042,67.0,False,0.0,0.0,0.0,47264.203,45840.453,33889.797,0.0,0.0,0.0,-1.0476191,0.0,0.0,0.0,0.0,0.0,0.0,0.0,0.0,0.0,0.0,-1.0624552,False,0.0,0.0,0.0,0.0,0.0,0.0,0.0,0.0,0.0,0.0,0.0,0.0,0.0,0.0,0.0,0.0,0.0,0.0,0.0,0.0,0.0,0.0,0.0,0.0,2273.671,True,0.0,False,0.0,0.0,0.0,19183.416,19183.416,0.0,0.0,True,0.0,0.0,0.0,0.0,0.0,0.0,0.0,0.0,0.0,0.0,0.0,0.0,0.0,0.0,0.0,0.0,True,0.0,0.0,0.0,0.0,False,42042001,4,4,0
89,73333.336,0.0,0.0,0,13,0.0,0.0,0.0,0.0,0.0,0.0,False,0.0,104.75423,3666.398,1571.3135,0.0,0.0,0.0,0.0,0.0,0.0,0.0,5797.861,8296.733,3111.589,3455.3943,0.0,0.0,0.0,OWNED_WITH_MORTGAGE,0.0,0.0,1703.7225,0.0,0.0,0.0,54384,False,54384,43640001,43640001,0,True,False,True,True,1,False,False,1440415.9,1440415.9,436401,436401.0,4364001,43640,4364001,4364001,43640,28.0,False,0.0,0.0,0.0,75799.86,50708.273,12787.101,0.0,0.0,43.26923,-1.0476191,0.0,0.0,0.0,0.0,0.0,0.0,0.0,0.0,0.0,0.0,-1.0624552,False,0.0,0.0,0.0,0.0,0.0,0.0,0.0,0.0,0.0,0.0,0.0,0.0,0.0,0.0,0.0,0.0,0.0,0.0,0.0,0.0,0.0,0.0,0.0,0.0,0.0,True,0.0,False,0.0,0.0,0.0,0.0,0.0,0.0,11.333333,False,0.0,1571.3135,11.333333,0.0,0.0,0.0,0.0,0.0,0.0,0.0,0.0,0.0,0.0,0.0,0.0,0.0,True,0.0,0.0,0.0,0.0,False,43640001,1,1,0
90,53428.57,0.0,0.0,0,13,0.0,0.0,0.0,0.0,0.0,0.0,False,0.0,104.75423,1047.5424,0.0,0.0,0.0,0.0,0.0,0.0,0.0,0.0,8366.026,1974.8456,0.0,3840.007,0.0,14400.0,14690.781,RENTED,0.0,0.0,15276.372,12451.055,0.0,0.0,53466,False,53466,42902001,42902001,2,True,False,True,False,2,False,False,1440415.9,1440415.9,429021,429021.0,4290201,42902,4290201,4290201,42902,33.0,False,0.0,0.0,0.0,109352.74,75217.37,40067.066,0.0,0.0,40.0,54476.19,0.0,0.0,0.0,0.0,0.0,0.0,0.0,0.0,0.0,0.0,0.0,False,0.0,0.0,0.0,0.0,0.0,0.0,0.0,0.0,0.0,0.0,0.0,0.0,0.0,0.0,0.0,0.0,0.0,0.0,0.0,0.0,0.0,0.0,0.0,0.0,0.0,False,889.97974,False,0.0,0.0,0.0,0.0,0.0,0.0,0.0,False,0.0,0.0,0.0,0.0,0.0,0.0,0.0,0.0,0.0,0.0,0.0,0.0,0.0,0.0,0.0,0.0,True,0.0,6000.0,0.0,0.0,False,42902001,4,2,2
94,83809.52,0.0,0.0,0,13,0.0,0.0,0.0,0.0,0.0,0.0,False,5387.5103,209.50845,209.50845,2011.2812,0.0,0.0,0.0,0.0,0.0,0.0,0.0,7454.3926,32419.299,4029.763,4619.4346,0.0,0.0,0.0,OWNED_WITH_MORTGAGE,0.0,0.0,2181.1729,0.0,0.0,0.0,54943,False,54943,44090001,44090001,0,True,False,True,False,1,False,False,1440415.9,1440415.9,440901,440901.0,4409001,44090,4409001,4409001,44090,71.0,False,0.0,0.0,0.0,195016.0,139357.62,24173.477,0.0,0.0,1.1538461,-1.0476191,0.0,0.0,0.0,0.0,0.0,0.0,0.0,0.0,0.0,0.0,-1.0624552,False,0.0,0.0,0.0,0.0,0.0,29882.531,0.0,0.0,0.0,0.0,0.0,0.0,0.0,0.0,0.0,29882.531,0.0,0.0,0.0,0.0,0.0,0.0,0.0,0.0,0.0,True,0.0,False,0.0,0.0,0.0,14685.596,14685.596,0.0,0.0,False,0.0,7398.7915,0.0,0.0,0.0,0.0,0.0,0.0,0.0,0.0,0.0,0.0,0.0,0.0,0.0,0.0,True,0.0,0.0,0.0,0.0,False,44090001,2,2,0
96,0.0,0.0,-10826.104,0,12,0.0,0.0,0.0,0.0,0.0,0.0,False,1873.0056,209.50845,838.0338,0.0,0.0,0.0,0.0,0.0,0.0,0.0,0.0,0.0,0.0,7651.4487,0.0,0.0,0.0,0.0,OWNED_WITH_MORTGAGE,0.0,0.0,0.0,0.0,0.0,0.0,55457,False,55457,44588001,44588001,0,True,False,True,False,1,False,False,1440415.9,1440415.9,445881,445881.0,4458801,44588,4458801,4458801,44588,67.0,False,0.0,0.0,0.0,17100.17,14081.602,14508.167,0.0,0.0,20.0,-1.0476191,0.0,0.0,0.0,0.0,0.0,0.0,0.0,0.0,1.7147738,3.6438942,-1.0624552,False,0.0,0.0,0.0,0.0,0.0,10393.924,0.0,0.0,0.0,0.0,0.0,0.0,0.0,0.0,0.0,10393.924,0.0,0.0,0.0,0.0,0.0,0.0,0.0,0.0,0.0,True,0.0,False,0.0,0.0,0.0,16536.617,16536.617,0.0,0.0,False,0.0,1873.0056,0.0,0.0,0.0,0.0,0.0,0.0,0.0,0.0,0.0,0.0,0.0,0.0,0.0,0.0,True,0.0,0.0,0.0,0.0,False,44588001,1,1,0
97,0.0,1640.4307,0.0,99,12,0.0,0.0,0.0,0.0,0.0,0.0,True,0.0,502.8203,26.188557,0.0,0.0,0.0,0.0,0.0,0.0,0.0,0.0,236.02869,-119.097046,2193.4153,0.0,0.0,0.0,0.0,OWNED_WITH_MORTGAGE,0.0,0.0,409.09744,0.0,0.0,0.0,57671,False,57671,46459001,46459001,0,True,False,True,True,1,True,False,1440415.9,1440415.9,464591,464591.0,4645901,46459,4645901,4645901,46459,34.0,False,0.0,0.0,0.0,19483.193,18385.336,16148.638,0.0,0.0,1.8461539,75428.57,0.0,0.0,0.0,54.133064,0.0,0.0,0.0,0.0,0.34295473,0.72877884,0.0,False,0.0,0.0,0.0,0.0,0.0,0.0,0.0,0.0,0.0,0.0,0.0,0.0,0.0,0.0,0.0,0.0,0.0,0.0,0.0,0.0,0.0,0.0,0.0,0.0,0.0,False,0.0,False,0.0,0.0,0.0,0.0,0.0,0.0,0.0,False,0.0,0.0,0.0,0.0,0.0,0.0,0.0,0.0,0.0,0.0,0.0,0.0,0.0,0.0,0.0,0.0,True,0.0,0.0,0.0,0.0,False,46459001,1,1,0
99,0.0,53122.758,0.0,0,12,0.0,0.0,0.0,0.0,0.0,0.0,True,0.0,0.0,0.0,0.0,0.0,0.0,0.0,0.0,0.0,0.0,0.0,7649.2783,-8731.979,15812.994,0.0,0.0,0.0,0.0,OWNED_WITH_MORTGAGE,0.0,0.0,1772.0756,0.0,0.0,0.0,58805,False,58805,47297001,47297001,3,False,False,True,False,1,True,False,1440415.9,1440415.9,472971,472971.0,4729701,47297,4729701,4729701,47297,39.0,False,0.0,0.0,1608.8928,54135.02,62481.56,45464.906,367.26953,0.0,60.0,-1.0476191,0.0,0.0,0.0,0.0,0.0,0.0,0.0,0.0,0.0,0.0,-1.0624552,False,0.0,0.0,0.0,0.0,0.0,0.0,0.0,0.0,0.0,0.0,0.0,0.0,0.0,0.0,0.0,0.0,0.0,0.0,0.0,0.0,0.0,0.0,0.0,0.0,7145.8228,True,0.0,False,0.0,0.0,0.0,0.0,0.0,0.0,0.0,False,0.0,0.0,0.0,0.0,0.0,0.0,0.0,0.0,0.0,0.0,0.0,0.0,0.0,0.0,0.0,0.0,True,0.0,0.0,0.0,0.0,False,47297001,5,2,3
104,31428.572,0.0,0.0,0,12,0.0,0.0,0.0,0.0,0.0,0.0,False,0.0,261.8856,597.0991,2304.593,0.0,0.0,0.0,0.0,0.0,0.0,0.0,4141.329,2525.9402,0.0,0.0,0.0,21600.0,22036.172,RENTED,0.0,0.0,3271.7595,0.0,0.0,0.0,58851,False,58851,47342001,47342001,0,False,False,True,False,1,True,False,1440415.9,1440415.9,473421,473421.0,4734201,47342,4734201,4734201,47342,24.0,False,0.0,0.0,0.0,54135.02,35268.965,27125.916,0.0,0.0,40.0,-1.0476191,0.0,0.0,0.0,0.0,0.0,0.0,0.0,0.0,0.0,0.0,-1.0624552,False,0.0,0.0,0.0,0.0,0.0,0.0,0.0,0.0,0.0,0.0,0.0,0.0,0.0,0.0,0.0,0.0,0.0,0.0,0.0,0.0,0.0,0.0,0.0,0.0,0.0,True,0.0,False,0.0,0.0,0.0,0.0,0.0,0.0,0.0,False,0.0,2304.593,0.0,0.0,0.0,0.0,0.0,0.0,0.0,0.0,0.0,0.0,0.0,0.0,0.0,0.0,True,0.0,0.0,0.0,0.0,False,47342001,2,2,0
106,188571.42,0.0,0.0,85,12,0.0,0.0,0.0,0.0,0.0,0.0,False,0.0,104.75423,419.0169,733.2796,0.0,0.0,0.0,0.0,0.0,0.0,0.0,21615.031,50488.484,2907.5505,0.0,0.0,0.0,0.0,OWNED_WITH_MORTGAGE,0.0,0.0,3544.1511,0.0,0.0,0.0,59690,False,59690,47972001,47972001,0,False,False,True,False,1,False,False,1440415.9,1440415.9,479721,479721.0,4797201,47972,4797201,4797201,47972,49.0,False,0.0,0.0,0.0,299908.03,221498.86,24943.723,0.0,0.0,60.0,47142.855,0.0,0.0,0.0,0.0,0.0,0.0,0.0,0.0,0.0,0.0,0.0,False,0.0,0.0,0.0,0.0,0.0,0.0,0.0,0.0,0.0,0.0,0.0,0.0,0.0,0.0,0.0,0.0,0.0,0.0,0.0,0.0,0.0,0.0,0.0,0.0,0.0,True,0.0,False,0.0,0.0,0.0,0.0,0.0,0.0,0.0,False,0.0,733.2796,0.0,0.0,0.0,0.0,0.0,0.0,0.0,0.0,0.0,0.0,0.0,0.0,0.0,0.0,False,0.0,0.0,0.0,0.0,False,47972001,2,2,0
108,0.0,0.0,0.0,57,12,0.0,0.0,0.0,0.0,0.0,0.0,False,2074.1338,68.09025,209.50845,0.0,0.0,0.0,0.0,0.0,0.0,0.0,0.0,199.21687,-883.4835,1479.28,0.0,0.0,0.0,0.0,OWNED_WITH_MORTGAGE,0.0,0.0,1635.3696,0.0,0.0,0.0,59886,False,59886,48120001,48120001,1,False,False,True,False,7,False,True,2880831.8,2880831.8,481201,481201.0,4812001,48120,4812001,4812001,48120,64.0,False,0.0,0.0,0.0,44122.207,44657.062,36133.2,0.0,0.0,0.0,0.0,0.0,0.0,0.0,0.0,0.0,0.0,0.0,0.0,0.0,0.0,0.0,True,0.0,0.0,0.0,0.0,0.0,0.0,0.0,0.0,0.0,0.0,0.0,0.0,0.0,0.0,0.0,0.0,0.0,0.0,0.0,0.0,0.0,0.0,0.0,0.0,4157.57,True,0.0,False,0.0,0.0,0.0,29861.527,29861.527,0.0,0.0,False,0.0,2074.1338,0.0,0.0,0.0,0.0,0.0,0.0,0.0,0.0,0.0,0.0,0.0,0.0,0.0,0.0,False,0.0,0.0,0.0,0.0,False,48120001,4,3,1
114,51333.332,0.0,0.0,0,1,0.0,0.0,0.0,0.0,0.0,0.0,False,0.0,47.139404,104.75423,733.2796,0.0,0.0,2533.519,0.0,0.0,0.0,0.0,4059.044,1420.5029,0.0,1933.266,0.0,5400.0,5509.043,RENTED,0.0,0.0,1772.0756,0.0,0.0,0.0,64299,True,64299,51824001,51824001,1,True,False,True,False,2,False,False,1440415.9,1440415.9,518241,518241.0,5182401,51824,5182401,5182401,51824,35.0,False,0.0,0.0,0.0,58479.9,48275.445,24115.326,0.0,0.0,40.0,64114.285,0.0,0.0,0.0,0.0,0.0,0.0,0.0,0.0,690.36786,1467.0317,0.0,False,0.0,0.0,0.0,0.0,0.0,0.0,0.0,0.0,0.0,0.0,0.0,0.0,0.0,0.0,0.0,0.0,0.0,0.0,0.0,0.0,0.0,0.0,0.0,0.0,0.0,True,176.48016,False,0.0,0.0,0.0,0.0,0.0,0.0,0.0,False,0.0,3266.7986,0.0,0.0,0.0,0.0,0.0,0.0,0.0,0.0,0.0,0.0,0.0,0.0,0.0,0.0,True,0.0,0.0,0.0,0.0,False,51824001,2,1,1
116,24642.096,0.0,0.0,0,1,0.0,0.0,0.0,0.0,0.0,0.0,False,2073.0862,52.377113,104.75423,0.0,0.0,0.0,0.0,0.0,0.0,0.0,0.0,1948.8607,4760.634,535.6014,878.3863,0.0,0.0,0.0,OWNED_WITH_MORTGAGE,0.0,0.0,1772.0756,0.0,0.0,0.0,65218,False,65218,52694001,52694001,0,True,False,True,False,1,False,False,2880831.8,2880831.8,526941,526941.0,5269401,52694,5269401,5269401,52694,71.0,False,0.0,0.0,0.0,61378.285,49550.867,13550.205,0.0,0.0,25.0,-1.0476191,0.0,0.0,0.0,0.0,0.0,0.0,0.0,0.0,0.0,0.0,-1.0624552,False,0.0,0.0,0.0,0.0,0.0,17734.633,0.0,0.0,0.0,0.0,0.0,0.0,0.0,0.0,0.0,17734.633,0.0,0.0,0.0,0.0,0.0,0.0,0.0,0.0,0.0,False,0.0,False,0.0,0.0,0.0,17149.54,17149.54,0.0,0.0,False,0.0,2073.0862,0.0,0.0,0.0,0.0,0.0,0.0,0.0,0.0,0.0,0.0,0.0,0.0,0.0,0.0,True,0.0,0.0,0.0,0.0,False,52694001,1,1,0
117,27935.809,0.0,0.0,0,5,0.0,0.0,0.0,0.0,0.0,0.0,False,0.0,0.0,0.0,0.0,0.0,0.0,0.0,0.0,0.0,0.0,0.0,2208.7087,1426.9991,0.0,332.58298,0.0,3240.0,3305.4258,RENTED,0.0,0.0,1499.684,0.0,0.0,0.0,69491,False,69491,56231001,56231001,2,True,False,True,False,1,False,False,1440415.9,1440415.9,562311,562311.0,5623101,56231,5623101,5623101,56231,49.0,False,0.0,0.0,0.0,42727.688,52738.336,33883.676,0.0,0.0,29.615385,-1.0476191,0.0,0.0,0.0,0.0,0.0,0.0,0.0,0.0,0.0,0.0,-1.0624552,False,0.0,0.0,0.0,0.0,0.0,0.0,0.0,0.0,0.0,0.0,0.0,0.0,0.0,0.0,0.0,0.0,0.0,0.0,0.0,0.0,0.0,0.0,0.0,0.0,15590.886,True,0.0,False,0.0,0.0,0.0,0.0,0.0,0.0,0.0,False,0.0,0.0,0.0,0.0,0.0,0.0,0.0,0.0,0.0,0.0,0.0,0.0,0.0,0.0,0.0,0.0,False,0.0,0.0,0.0,0.0,False,56231001,3,3,0
120,0.0,0.0,0.0,0,5,0.0,0.0,0.0,0.0,0.0,0.0,False,2073.0862,52.377113,523.7712,0.0,0.0,0.0,0.0,0.0,0.0,0.0,0.0,0.0,1613.2236,2192.395,661.08514,0.0,0.0,0.0,OWNED_WITH_MORTGAGE,0.0,0.0,0.0,0.0,0.0,0.0,69838,False,69838,56523001,56523001,0,False,False,True,False,1,False,True,1440415.9,1440415.9,565231,565231.0,5652301,56523,5652301,5652301,56523,75.0,False,0.0,0.0,0.0,49371.14,41580.027,18047.217,0.0,0.0,0.0,-1.0476191,0.0,0.0,0.0,0.0,0.0,0.0,0.0,0.0,0.0,0.0,-1.0624552,False,0.0,0.0,0.0,0.0,0.0,49371.14,0.0,0.0,0.0,0.0,0.0,0.0,0.0,0.0,0.0,49371.14,0.0,0.0,0.0,0.0,0.0,0.0,0.0,0.0,0.0,True,0.0,False,0.0,0.0,0.0,0.0,0.0,0.0,0.0,False,0.0,2073.0862,0.0,0.0,0.0,0.0,0.0,0.0,0.0,0.0,0.0,0.0,0.0,0.0,0.0,0.0,True,0.0,0.0,0.0,0.0,False,56523001,2,2,0
122,0.0,0.0,0.0,0,22,0.0,0.0,0.0,0.0,0.0,0.0,False,0.0,0.0,0.0,0.0,0.0,0.0,0.0,0.0,0.0,0.0,0.0,0.0,0.0,0.0,0.0,0.0,8400.0,8569.622,RENTED,0.0,0.0,0.0,0.0,0.0,0.0,71514,True,71514,57743001,57743001,0,True,True,True,False,2,False,True,1440415.9,1440415.9,577431,577431.0,5774301,57743,5774301,5774301,57743,72.0,False,0.0,2688.209,0.0,13616.04,17495.355,16286.363,0.0,0.0,0.0,-1.0476191,0.0,0.0,0.0,0.0,0.0,0.0,0.0,0.0,0.0,0.0,-1.0624552,False,0.0,0.0,0.0,0.0,0.0,0.0,0.0,0.0,0.0,0.0,0.0,0.0,0.0,0.0,0.0,0.0,0.0,0.0,0.0,0.0,0.0,0.0,0.0,0.0,1026.4,True,0.0,False,0.0,0.0,0.0,12846.831,12846.831,0.0,0.0,True,0.0,0.0,0.0,0.0,0.0,0.0,0.0,0.0,0.0,0.0,0.0,0.0,0.0,0.0,0.0,0.0,True,0.0,0.0,0.0,0.0,False,57743001,1,1,0
123,0.0,0.0,0.0,0,40,0.0,0.0,0.0,0.0,0.0,0.0,False,3142.627,78.565674,523.7712,2514.1016,0.0,0.0,0.0,0.0,0.0,0.0,0.0,0.0,0.0,3111.589,0.0,0.0,0.0,0.0,OWNED_WITH_MORTGAGE,0.0,0.0,0.0,0.0,0.0,0.0,73047,False,73047,59096001,59096001,0,False,False,True,False,1,False,False,1440415.9,1440415.9,590961,590961.0,5909601,59096,5909601,5909601,59096,68.0,False,0.0,0.0,0.0,84840.41,64020.074,27934.93,0.0,0.0,0.0,0.0,0.0,0.0,0.0,0.0,0.0,0.0,0.0,0.0,0.0,0.0,0.0,True,0.0,0.0,0.0,0.0,0.0,0.0,0.0,0.0,0.0,0.0,0.0,0.0,0.0,0.0,0.0,0.0,0.0,0.0,0.0,0.0,0.0,0.0,0.0,0.0,0.0,True,0.0,False,0.0,0.0,0.0,40085.055,40085.055,0.0,0.0,True,0.0,5656.7285,0.0,0.0,0.0,0.0,0.0,0.0,0.0,0.0,0.0,0.0,0.0,0.0,0.0,0.0,False,0.0,0.0,0.0,0.0,False,59096001,3,3,0
126,0.0,0.0,-812.039,0,48,0.0,0.0,0.0,0.0,0.0,0.0,False,2514.1016,0.0,0.0,6892.828,0.0,0.0,0.0,0.0,0.0,0.0,0.0,0.0,0.0,25.50483,0.0,0.0,0.0,0.0,OWNED_WITH_MORTGAGE,0.0,0.0,0.0,0.0,0.0,0.0,75128,False,75128,60853001,60853001,0,True,False,True,False,1,False,False,1440415.9,1440415.9,608531,608531.0,6085301,60853,6085301,6085301,60853,67.0,False,0.0,0.0,0.0,22422.727,12700.076,15935.417,0.0,0.0,12.0,-1.0476191,0.0,0.0,0.0,0.0,0.0,0.0,0.0,0.0,157.75917,335.23825,-1.0624552,False,0.0,0.0,0.0,0.0,0.0,0.0,0.0,0.0,0.0,0.0,0.0,0.0,0.0,0.0,0.0,0.0,0.0,0.0,0.0,0.0,0.0,0.0,0.0,0.0,0.0,True,0.0,False,0.0,0.0,0.0,21452.248,21452.248,0.0,0.0,False,0.0,9406.93,0.0,0.0,0.0,0.0,0.0,0.0,0.0,0.0,0.0,0.0,0.0,0.0,0.0,0.0,True,0.0,0.0,0.0,0.0,False,60853001,1,1,0
127,47142.855,1062.4551,0.0,61,48,0.0,0.0,0.0,0.0,0.0,0.0,False,0.0,52.377113,104.75423,0.0,0.0,0.0,0.0,0.0,0.0,0.0,0.0,3880.3982,4528.936,0.0,0.0,0.0,15600.0,15915.013,RENTED,0.0,0.0,953.8806,0.0,0.0,0.0,75415,True,75415,61120001,61120001,0,False,False,True,True,1,True,False,1440415.9,1440415.9,611201,611201.0,6112001,61120,6112001,6112001,61120,26.0,False,0.0,0.0,0.0,64204.137,54620.07,14976.436,0.0,0.0,21.538462,-1.0476191,0.0,0.0,0.0,5196.7744,0.0,0.0,0.0,0.0,0.0,0.0,-1.0624552,False,0.0,0.0,0.0,0.0,0.0,0.0,0.0,0.0,0.0,0.0,0.0,0.0,0.0,0.0,0.0,0.0,0.0,0.0,0.0,0.0,0.0,0.0,0.0,0.0,0.0,True,0.0,False,0.0,0.0,0.0,0.0,0.0,0.0,0.0,False,0.0,0.0,0.0,0.0,0.0,0.0,0.0,0.0,0.0,0.0,0.0,0.0,0.0,0.0,0.0,0.0,True,0.0,0.0,0.0,0.0,False,61120001,1,1,0
128,0.0,0.0,0.0,0,48,0.0,0.0,0.0,0.0,0.0,0.0,False,0.0,1257.0508,2618.8557,2057.373,0.0,0.0,0.0,0.0,0.0,0.0,0.0,0.0,378.94516,6631.2554,0.0,0.0,0.0,0.0,OWNED_WITH_MORTGAGE,0.0,0.0,0.0,0.0,0.0,0.0,75534,False,75534,61249001,61249001,0,True,False,True,False,1,True,False,1440415.9,1440415.9,612491,612491.0,6124901,61249,6124901,6124901,61249,67.0,False,0.0,0.0,0.0,20787.848,14276.487,14385.743,0.0,0.0,0.0,-1.0476191,0.0,0.0,0.0,0.0,0.0,0.0,0.0,0.0,0.0,0.0,-1.0624552,False,0.0,0.0,0.0,0.0,0.0,20787.848,0.0,0.0,0.0,0.0,0.0,0.0,0.0,0.0,0.0,20787.848,0.0,0.0,0.0,0.0,0.0,0.0,0.0,0.0,0.0,True,0.0,False,0.0,0.0,0.0,0.0,0.0,0.0,0.0,False,0.0,2057.373,0.0,0.0,0.0,0.0,0.0,0.0,0.0,0.0,0.0,0.0,0.0,0.0,0.0,0.0,True,0.0,0.0,0.0,0.0,False,61249001,1,1,0
129,235714.28,0.0,0.0,0,48,0.0,0.0,0.0,0.0,0.0,0.0,False,0.0,52.377113,576.14825,0.0,0.0,0.0,0.0,0.0,0.0,0.0,0.0,21488.355,58901.066,20913.959,0.0,0.0,0.0,0.0,OWNED_WITH_MORTGAGE,0.0,0.0,3544.1511,0.0,0.0,0.0,75680,False,75680,61348001,61348001,0,False,False,True,False,1,False,False,1440415.9,1440415.9,613481,613481.0,6134801,61348,6134801,6134801,61348,56.0,False,0.0,0.0,0.0,335204.06,241525.56,26235.287,0.0,0.0,50.0,261904.77,0.0,0.0,0.0,0.0,0.0,0.0,0.0,0.0,0.0,0.0,0.0,True,0.0,0.0,0.0,0.0,0.0,0.0,0.0,0.0,0.0,0.0,0.0,0.0,0.0,0.0,0.0,0.0,0.0,0.0,0.0,0.0,0.0,0.0,0.0,0.0,0.0,True,0.0,False,0.0,0.0,0.0,0.0,0.0,0.0,0.0,False,0.0,0.0,0.0,0.0,0.0,0.0,0.0,0.0,0.0,0.0,0.0,0.0,0.0,0.0,0.0,0.0,True,0.0,0.0,0.0,0.0,False,61348001,2,2,0
131,0.0,0.0,0.0,0,48,0.0,0.0,0.0,0.0,0.0,0.0,False,0.0,209.50845,0.0,0.0,0.0,0.0,0.0,0.0,0.0,0.0,0.0,0.0,0.0,0.0,0.0,0.0,13200.0,13466.55,RENTED,0.0,0.0,0.0,0.0,0.0,0.0,75915,False,75915,61519001,61519001,1,True,False,True,False,1,True,False,2880831.8,2880831.8,615191,615191.0,6151901,61519,6151901,6151901,61519,36.0,False,0.0,0.0,0.0,22087.088,21870.549,28543.984,0.0,0.0,0.0,-1.0476191,0.0,0.0,0.0,0.0,0.0,0.0,0.0,0.0,0.0,0.0,-1.0624552,False,0.0,0.0,0.0,0.0,0.0,0.0,0.0,0.0,0.0,0.0,0.0,0.0,0.0,0.0,0.0,0.0,0.0,0.0,0.0,0.0,0.0,0.0,0.0,0.0,0.0,False,0.0,False,0.0,0.0,0.0,0.0,0.0,0.0,0.0,False,0.0,0.0,0.0,0.0,0.0,0.0,0.0,0.0,0.0,0.0,0.0,0.0,0.0,0.0,0.0,0.0,False,0.0,0.0,0.0,0.0,False,61519001,2,1,1
133,5238.095,0.0,0.0,0,48,0.0,0.0,0.0,0.0,0.0,0.0,False,2073.0862,523.7712,1571.3135,2891.2168,0.0,0.0,0.0,0.0,0.0,0.0,0.0,414.67426,3048.8843,4538.8394,0.0,0.0,0.0,0.0,OWNED_WITH_MORTGAGE,0.0,0.0,442.76382,0.0,0.0,0.0,76770,False,76770,62189001,62189001,0,False,False,True,False,1,True,True,2880831.8,2880831.8,621891,621891.0,6218901,62189,6218901,6218901,62189,73.0,False,0.0,0.0,0.0,44390.72,33160.95,18607.303,0.0,0.0,10.0,0.0,0.0,0.0,0.0,0.0,0.0,0.0,0.0,0.0,0.0,0.0,0.0,True,0.0,0.0,0.0,0.0,0.0,38977.215,0.0,0.0,0.0,0.0,0.0,0.0,0.0,0.0,0.0,38977.215,0.0,0.0,0.0,0.0,0.0,0.0,0.0,0.0,0.0,True,0.0,False,0.0,0.0,0.0,0.0,0.0,0.0,0.0,True,0.0,4964.3027,0.0,0.0,0.0,0.0,0.0,0.0,0.0,0.0,0.0,0.0,0.0,0.0,0.0,0.0,False,0.0,0.0,0.0,0.0,False,62189001,1,1,0
134,0.0,0.0,0.0,0,48,0.0,0.0,0.0,0.0,0.0,0.0,False,2061.5632,209.50845,523.7712,0.0,0.0,0.0,0.0,0.0,0.0,0.0,0.0,4059.044,8773.121,10712.028,0.0,0.0,0.0,0.0,OWNED_WITH_MORTGAGE,0.0,0.0,3544.1511,0.0,0.0,0.0,78615,False,78615,63406001,63406001,1,False,False,True,False,1,True,False,1440415.9,1440415.9,634061,634061.0,6340601,63406,6340601,6340601,63406,63.0,False,0.0,0.0,0.0,129240.87,106185.84,38168.49,0.0,0.0,0.0,0.0,0.0,0.0,0.0,0.0,0.0,0.0,0.0,0.0,0.34295473,0.72877884,0.0,True,0.0,0.0,0.0,0.0,0.0,28583.291,0.0,0.0,0.0,0.0,0.0,0.0,0.0,12992.405,0.0,28583.291,0.0,0.0,0.0,0.0,0.0,0.0,0.0,0.0,0.0,True,0.0,False,0.0,0.0,0.0,32656.45,32656.45,0.0,0.0,False,0.0,2061.5632,0.0,0.0,0.0,0.0,0.0,0.0,0.0,0.0,0.0,0.0,0.0,0.0,0.0,0.0,True,0.0,0.0,0.0,0.0,False,63406001,3,3,0
137,0.0,0.0,0.0,0,48,0.0,0.0,0.0,0.0,0.0,0.0,False,0.0,314.2627,628.5254,0.0,0.0,0.0,0.0,0.0,0.0,0.0,0.0,1656.5316,-348.62955,0.0,0.0,0.0,48.0,48.969273,RENTED,0.0,0.0,1362.978,0.0,0.0,0.0,79002,False,79002,63651001,63651001,0,False,False,True,True,1,True,False,1440415.9,1440415.9,636511,636511.0,6365101,63651,6365101,6365101,63651,35.0,False,0.0,0.0,0.0,48721.52,44316.01,25331.396,0.0,0.0,0.0,-1.0476191,0.0,0.0,0.0,0.0,0.0,0.0,0.0,0.0,0.0,0.0,-1.0624552,False,0.0,0.0,25984.81,0.0,0.0,0.0,0.0,0.0,0.0,0.0,0.0,0.0,0.0,0.0,0.0,0.0,0.0,0.0,0.0,0.0,0.0,0.0,0.0,0.0,0.0,True,0.0,False,0.0,0.0,0.0,0.0,0.0,0.0,0.0,False,0.0,0.0,0.0,0.0,0.0,0.0,0.0,0.0,0.0,0.0,0.0,0.0,0.0,0.0,0.0,0.0,True,0.0,0.0,0.0,0.0,False,63651001,2,2,0
139,0.0,0.0,0.0,0,48,0.0,0.0,0.0,0.0,0.0,0.0,False,2136.9863,1047.5424,1047.5424,0.0,0.0,0.0,0.0,0.0,0.0,0.0,0.0,2071.2058,1210.4591,76.51449,0.0,0.0,0.0,0.0,OWNED_WITH_MORTGAGE,0.0,0.0,1772.0756,0.0,0.0,0.0,79119,False,79119,63717001,63717001,1,True,False,True,False,1,True,False,1440415.9,1440415.9,637171,637171.0,6371701,63717,6371701,6371701,63717,71.0,False,0.0,0.0,0.0,58949.79,46969.71,46684.04,0.0,0.0,0.0,-1.0476191,0.0,0.0,0.0,5196.7744,0.0,0.0,0.0,0.0,2.4006832,5.101452,-1.0624552,False,0.0,0.0,0.0,0.0,0.0,0.0,0.0,0.0,0.0,0.0,0.0,0.0,0.0,7578.903,0.0,0.0,0.0,0.0,0.0,0.0,0.0,0.0,0.0,0.0,0.0,True,176.48016,False,0.0,0.0,0.0,18019.887,18019.887,0.0,0.0,True,0.0,2136.9863,0.0,0.0,0.0,0.0,0.0,0.0,0.0,0.0,0.0,0.0,0.0,0.0,0.0,0.0,True,0.0,0.0,0.0,0.0,False,63717001,5,3,2
144,22000.0,0.0,0.0,0,48,0.0,0.0,0.0,0.0,0.0,0.0,False,0.0,104.75423,104.75423,0.0,0.0,0.0,0.0,0.0,0.0,0.0,0.0,3479.799,-2702.4202,8671.642,0.0,0.0,0.0,0.0,OWNED_WITH_MORTGAGE,0.0,0.0,14561.217,12126.245,0.0,0.0,79614,False,79614,64122001,64122001,1,True,False,True,False,1,False,False,1440415.9,1440415.9,641221,641221.0,6412201,64122,6412201,6412201,64122,60.0,False,0.0,0.0,0.0,45476.664,13763.288,33595.98,0.0,0.0,30.76923,-1.0476191,0.0,0.0,0.0,0.0,0.0,0.0,0.0,0.0,0.34295473,0.72877884,-1.0624552,False,0.0,0.0,0.0,0.0,0.0,0.0,0.0,0.0,0.0,0.0,0.0,0.0,0.0,0.0,0.0,0.0,0.0,0.0,0.0,0.0,0.0,0.0,0.0,0.0,0.0,True,0.0,False,0.0,0.0,0.0,0.0,0.0,0.0,0.0,False,0.0,0.0,0.0,0.0,0.0,0.0,0.0,0.0,0.0,0.0,0.0,0.0,0.0,0.0,0.0,0.0,True,0.0,0.0,0.0,0.0,False,64122001,3,2,1
147,136190.47,0.0,0.0,0,48,0.0,0.0,0.0,0.0,0.0,0.0,False,0.0,0.0,523.7712,0.0,0.0,0.0,0.0,0.0,0.0,0.0,0.0,14080.519,20484.691,20913.959,0.0,0.0,0.0,0.0,OWNED_WITH_MORTGAGE,0.0,0.0,3544.1511,0.0,0.0,0.0,79915,False,79915,64296001,64296001,2,True,False,True,False,1,False,False,1440415.9,1440415.9,642961,642961.0,6429601,64296,6429601,6429601,64296,44.0,False,0.0,0.0,0.0,184059.08,144176.72,33595.98,0.0,0.0,60.0,-1.0476191,0.0,0.0,0.0,0.0,0.0,0.0,0.0,0.0,0.0,0.0,-1.0624552,False,0.0,0.0,0.0,0.0,0.0,0.0,0.0,0.0,0.0,0.0,0.0,0.0,0.0,0.0,0.0,0.0,0.0,0.0,0.0,0.0,0.0,0.0,0.0,0.0,0.0,True,176.48016,False,0.0,0.0,0.0,0.0,0.0,0.0,0.0,False,0.0,0.0,0.0,0.0,0.0,0.0,0.0,0.0,0.0,0.0,0.0,0.0,0.0,0.0,0.0,0.0,True,0.0,0.0,0.0,0.0,False,64296001,3,2,1
151,0.0,-10623.489,0.0,0,48,0.0,0.0,0.0,0.0,0.0,0.0,False,1923.2877,209.50845,104.75423,1885.5762,0.0,0.0,0.0,0.0,0.0,0.0,0.0,0.0,0.0,841.65936,0.0,0.0,0.0,0.0,OWNED_WITH_MORTGAGE,0.0,0.0,0.0,0.0,0.0,0.0,80007,False,80007,64365001,64365001,0,False,False,True,False,1,False,False,1440415.9,1440415.9,643651,643651.0,6436501,64365,6436501,6436501,64365,85.0,False,0.0,0.0,0.0,6752.8027,2491.2937,13512.458,0.0,0.0,40.0,-1.0476191,0.0,0.0,0.0,0.0,0.0,0.0,0.0,0.0,0.0,0.0,-1.0624552,False,0.0,0.0,0.0,0.0,0.0,0.0,0.0,0.0,0.0,0.0,0.0,0.0,0.0,0.0,0.0,0.0,0.0,0.0,0.0,0.0,0.0,0.0,0.0,0.0,0.0,True,0.0,False,0.0,0.0,0.0,16585.652,16585.652,0.0,0.0,True,0.0,3808.8638,0.0,0.0,0.0,0.0,0.0,0.0,0.0,0.0,0.0,0.0,0.0,0.0,0.0,0.0,True,0.0,0.0,0.0,0.0,False,64365001,1,1,0
152,83809.52,0.0,0.0,479,48,0.0,0.0,0.0,0.0,0.0,0.0,False,0.0,209.50845,1571.3135,3142.627,0.0,0.0,0.0,0.0,0.0,0.0,0.0,12423.987,14097.842,7651.4487,0.0,0.0,0.0,0.0,OWNED_WITH_MORTGAGE,0.0,0.0,3544.1511,0.0,0.0,0.0,80119,False,80119,64457001,64457001,3,False,False,True,False,1,True,False,1440415.9,1440415.9,644571,644571.0,6445701,64457,6445701,6445701,64457,41.0,False,0.0,0.0,0.0,162405.06,122035.49,41165.812,0.0,0.0,45.0,-1.0476191,0.0,0.0,0.0,0.0,0.0,0.0,0.0,0.0,0.0,0.0,-1.0624552,False,0.0,0.0,0.0,0.0,0.0,0.0,0.0,0.0,0.0,0.0,0.0,0.0,0.0,0.0,0.0,0.0,0.0,0.0,0.0,0.0,0.0,0.0,0.0,0.0,0.0,False,2039.8076,False,0.0,0.0,0.0,0.0,0.0,0.0,0.0,False,0.0,3142.627,0.0,0.0,0.0,0.0,0.0,0.0,0.0,0.0,0.0,0.0,0.0,0.0,0.0,0.0,True,0.0,0.0,0.0,0.0,False,64457001,5,2,3
157,57619.047,0.0,0.0,135,48,0.0,0.0,0.0,0.0,0.0,0.0,False,0.0,104.75423,40.85415,534.2466,0.0,0.0,0.0,0.0,0.0,0.0,0.0,18628.943,40094.562,18873.574,0.0,0.0,0.0,0.0,OWNED_WITH_MORTGAGE,0.0,0.0,3544.1511,0.0,0.0,0.0,80650,False,80650,64836001,64836001,3,True,False,True,False,1,True,False,1440415.9,1440415.9,648361,648361.0,6483601,64836,6483601,6483601,64836,37.0,False,0.0,0.0,0.0,283667.5,219938.69,42222.734,0.0,0.0,50.0,9219.048,0.0,0.0,0.0,0.0,0.0,0.0,0.0,0.0,0.0,0.0,0.0,True,0.0,0.0,0.0,0.0,0.0,0.0,0.0,0.0,0.0,0.0,0.0,0.0,0.0,0.0,0.0,0.0,0.0,0.0,0.0,0.0,0.0,0.0,0.0,0.0,0.0,True,2436.076,False,0.0,0.0,0.0,0.0,0.0,0.0,0.0,False,0.0,534.2466,0.0,0.0,0.0,0.0,0.0,0.0,0.0,0.0,0.0,0.0,0.0,0.0,0.0,0.0,True,0.0,0.0,0.0,0.0,False,64836001,5,2,3
162,36666.668,0.0,0.0,485,48,0.0,0.0,0.0,0.0,0.0,0.0,False,0.0,2095.0847,2095.0847,4190.1694,0.0,0.0,0.0,0.0,0.0,0.0,0.0,6338.1284,4218.2007,2091.396,0.0,0.0,0.0,0.0,OWNED_WITH_MORTGAGE,0.0,0.0,5316.2266,0.0,0.0,0.0,81943,False,81943,65736001,65736001,1,True,False,True,False,1,False,False,1440415.9,1440415.9,657361,657361.0,6573601,65736,6573601,6573601,65736,51.0,False,0.0,0.0,0.0,92570.88,43025.434,33114.45,0.0,0.0,52.0,-1.0476191,0.0,0.0,0.0,0.0,0.0,0.0,0.0,0.0,0.0,0.0,-1.0624552,False,0.0,0.0,0.0,0.0,0.0,0.0,0.0,0.0,0.0,0.0,0.0,0.0,0.0,0.0,0.0,0.0,0.0,0.0,0.0,0.0,0.0,0.0,0.0,0.0,0.0,False,0.0,False,0.0,0.0,0.0,0.0,0.0,0.0,0.0,True,0.0,4190.1694,0.0,0.0,0.0,0.0,0.0,0.0,0.0,0.0,0.0,0.0,0.0,0.0,0.0,0.0,True,0.0,0.0,0.0,0.0,False,65736001,3,2,1
165,62857.145,0.0,0.0,13,4,0.0,0.0,0.0,0.0,0.0,0.0,False,0.0,78.565674,272.361,0.0,0.0,0.0,0.0,0.0,0.0,0.0,0.0,12341.702,8373.605,0.0,1899.5996,0.0,12000.0,12242.317,RENTED,0.0,0.0,5316.2266,0.0,0.0,0.0,91433,False,91433,73279001,73279001,3,False,False,True,False,1,True,False,1440415.9,1440415.9,732791,732791.0,7327901,73279,7327901,7327901,73279,54.0,False,0.0,0.0,0.0,161322.36,127595.164,49234.523,0.0,0.0,40.0,-1.0476191,0.0,0.0,0.0,0.0,0.0,0.0,0.0,0.0,0.0,0.0,-1.0624552,False,0.0,0.0,0.0,0.0,0.0,0.0,0.0,0.0,0.0,0.0,0.0,0.0,0.0,0.0,0.0,0.0,0.0,0.0,0.0,0.0,0.0,0.0,0.0,0.0,0.0,True,0.0,False,0.0,0.0,0.0,0.0,0.0,0.0,0.0,False,0.0,0.0,0.0,0.0,0.0,0.0,0.0,0.0,0.0,0.0,0.0,0.0,0.0,0.0,0.0,0.0,True,0.0,0.0,0.0,0.0,False,73279001,5,2,3
170,0.0,41435.75,0.0,0,53,0.0,0.0,0.0,0.0,0.0,0.0,False,2073.0862,419.0169,0.0,0.0,0.0,0.0,0.0,0.0,0.0,0.0,0.0,5966.762,4380.606,1275.2415,0.0,0.0,0.0,0.0,OWNED_WITH_MORTGAGE,0.0,0.0,1362.978,0.0,0.0,0.0,98047,False,98047,78030001,78030001,0,False,False,True,False,1,False,False,1440415.9,1440415.9,780301,780301.0,7803001,78030,7803001,7803001,78030,67.0,False,0.0,0.0,0.0,69651.2,55281.6,21198.594,0.0,0.0,15.384615,0.0,0.0,0.0,0.0,0.0,0.0,0.0,0.0,0.0,0.0,0.0,55180.73,True,0.0,0.0,0.0,0.0,0.0,5209.9546,0.0,0.0,0.0,0.0,0.0,0.0,0.0,0.0,0.0,5209.9546,0.0,0.0,0.0,0.0,0.0,0.0,0.0,0.0,0.0,True,0.0,False,0.0,0.0,0.0,20960.889,20960.889,0.0,0.0,True,0.0,2073.0862,0.0,0.0,0.0,0.0,0.0,0.0,0.0,0.0,0.0,0.0,0.0,0.0,0.0,0.0,False,0.0,0.0,0.0,0.0,False,78030001,1,1,0
171,0.0,0.0,0.0,0,53,0.0,0.0,0.0,0.0,0.0,0.0,False,2514.1016,104.75423,0.0,0.0,0.0,0.0,0.0,0.0,0.0,0.0,0.0,0.0,409.26077,586.6111,0.0,0.0,0.0,0.0,OWNED_WITH_MORTGAGE,0.0,0.0,0.0,0.0,0.0,0.0,98210,False,98210,78176001,78176001,0,False,False,True,False,1,False,False,1440415.9,1440415.9,781761,781761.0,7817601,78176,7817601,7817601,78176,76.0,False,0.0,0.0,0.0,67578.914,61756.15,23865.379,0.0,0.0,0.0,-1.0476191,0.0,0.0,0.0,0.0,0.0,0.0,0.0,0.0,82.99505,176.36447,-1.0624552,False,0.0,0.0,0.0,0.0,0.0,24685.57,0.0,0.0,0.0,0.0,0.0,0.0,0.0,4872.152,0.0,24685.57,0.0,0.0,0.0,0.0,0.0,0.0,0.0,0.0,0.0,True,0.0,False,0.0,0.0,0.0,20839.326,20839.326,0.0,0.0,False,0.0,2514.1016,0.0,0.0,0.0,0.0,0.0,0.0,0.0,0.0,0.0,0.0,0.0,0.0,0.0,0.0,False,0.0,0.0,0.0,0.0,False,78176001,2,2,0
173,14666.667,0.0,0.0,0,53,0.0,0.0,0.0,0.0,0.0,0.0,False,2111.8452,377.11523,2514.1016,0.0,0.0,0.0,0.0,0.0,0.0,0.0,0.0,2650.4507,9669.598,0.0,0.0,0.0,19200.0,19587.709,RENTED,0.0,0.0,3271.7595,0.0,0.0,0.0,98533,False,98533,78382001,78382001,1,True,False,True,False,1,False,False,1440415.9,1440415.9,783821,783821.0,7838201,78382,7838201,7838201,78382,61.0,False,0.0,0.0,0.0,103324.266,82555.91,23759.277,183.63477,0.0,19.0,13619.048,0.0,0.0,0.0,0.0,0.0,0.0,0.0,0.0,417.03296,886.19507,0.0,True,0.0,0.0,0.0,23386.33,0.0,0.0,0.0,0.0,0.0,0.0,0.0,0.0,0.0,18405.906,0.0,0.0,0.0,0.0,0.0,0.0,0.0,0.0,0.0,0.0,0.0,True,0.0,False,24124.584,0.0,0.0,0.0,24124.584,0.0,0.0,False,0.0,2111.8452,0.0,0.0,0.0,0.0,0.0,0.0,0.0,0.0,0.0,0.0,0.0,0.0,0.0,0.0,True,0.0,0.0,0.0,0.0,False,78382001,2,2,0
175,0.0,0.0,0.0,0,41,0.0,0.0,0.0,0.0,0.0,0.0,False,0.0,314.2627,251.41016,276.55118,0.0,0.0,0.0,0.0,0.0,0.0,0.0,0.0,0.0,23974.54,-103.039505,0.0,0.0,0.0,OWNED_WITH_MORTGAGE,0.0,0.0,0.0,0.0,0.0,0.0,100293,False,100293,79694001,79694001,0,False,False,True,False,1,False,True,1440415.9,1440415.9,796941,796941.0,7969401,79694,7969401,7969401,79694,64.0,False,0.0,0.0,0.0,47018.43,45932.484,19197.994,0.0,0.0,0.0,-1.0476191,0.0,0.0,0.0,0.0,0.0,0.0,0.0,0.0,2.0577283,4.372673,-1.0624552,False,0.0,0.0,0.0,0.0,0.0,0.0,0.0,5413.502,0.0,0.0,0.0,0.0,0.0,0.0,0.0,0.0,0.0,0.0,0.0,0.0,0.0,0.0,0.0,0.0,259.8481,False,0.0,False,0.0,0.0,0.0,34138.7,34138.7,0.0,0.0,True,0.0,276.55118,0.0,0.0,0.0,0.0,0.0,0.0,0.0,0.0,0.0,0.0,0.0,0.0,0.0,0.0,True,0.0,0.0,0.0,0.0,False,79694001,2,2,0
177,0.0,0.0,0.0,0,6,0.0,0.0,0.0,0.0,0.0,0.0,False,2074.1338,41.90169,733.2796,1822.7236,0.0,0.0,0.0,0.0,0.0,0.0,0.0,0.0,6386.8496,0.0,87.73661,0.0,14400.0,14690.781,RENTED,0.0,0.0,0.0,0.0,0.0,0.0,100849,False,100849,80050001,80050001,0,True,False,True,False,1,False,True,1440415.9,1440415.9,800501,800501.0,8005001,80050,8005001,8005001,80050,68.0,False,0.0,0.0,0.0,74628.375,63319.57,17401.436,0.0,0.0,0.0,0.0,0.0,0.0,0.0,0.0,0.0,0.0,0.0,0.0,0.0,0.0,0.0,True,0.0,0.0,0.0,0.0,0.0,46047.25,0.0,0.0,0.0,0.0,0.0,0.0,0.0,0.0,0.0,46047.25,0.0,0.0,0.0,0.0,0.0,0.0,0.0,0.0,0.0,True,0.0,False,0.0,0.0,0.0,26966.496,26966.496,0.0,0.0,False,0.0,3896.8574,0.0,0.0,0.0,0.0,0.0,0.0,0.0,0.0,0.0,0.0,0.0,0.0,0.0,0.0,False,0.0,0.0,0.0,0.0,False,80050001,1,1,0
178,26190.477,0.0,0.0,19,6,0.0,0.0,0.0,0.0,0.0,0.0,False,0.0,26.188557,0.0,0.0,0.0,0.0,0.0,0.0,0.0,0.0,0.0,2071.2058,-4325.388,6631.2554,-158.12994,0.0,0.0,0.0,OWNED_WITH_MORTGAGE,0.0,0.0,1772.0756,0.0,0.0,0.0,101141,False,101141,80273001,80273001,1,False,False,True,False,1,True,False,1440415.9,1440415.9,802731,802731.0,8027301,80273,8027301,8027301,80273,59.0,False,0.0,0.0,0.0,38132.707,45089.06,36436.2,0.0,0.0,40.0,-1.0476191,0.0,0.0,0.0,0.0,0.0,0.0,0.0,0.0,3.4295475,7.2877884,-1.0624552,False,0.0,0.0,0.0,0.0,0.0,0.0,0.0,0.0,0.0,0.0,0.0,0.0,0.0,0.0,0.0,0.0,0.0,0.0,0.0,0.0,0.0,0.0,0.0,0.0,6496.2026,True,0.0,False,0.0,0.0,0.0,0.0,0.0,0.0,0.0,False,0.0,0.0,0.0,0.0,0.0,0.0,0.0,0.0,0.0,0.0,0.0,0.0,0.0,0.0,0.0,0.0,True,0.0,0.0,0.0,0.0,False,80273001,3,2,1
181,0.0,0.0,0.0,37,6,0.0,0.0,0.0,0.0,0.0,0.0,True,0.0,314.2627,1047.5424,4190.1694,0.0,0.0,0.0,0.0,0.0,0.0,0.0,0.0,0.0,0.0,0.0,0.0,15600.0,15915.013,RENTED,0.0,0.0,0.0,0.0,0.0,18363.477,102943,False,102943,81334001,81334001,2,True,False,True,False,1,True,False,1440415.9,1440415.9,813341,813341.0,8133401,81334,8133401,8133401,81334,36.0,False,0.0,0.0,0.0,47000.023,39791.406,42782.82,0.0,0.0,0.0,0.0,0.0,0.0,0.0,0.0,0.0,0.0,0.0,0.0,0.0,0.0,0.0,True,0.0,0.0,0.0,0.0,0.0,0.0,0.0,0.0,0.0,0.0,0.0,0.0,0.0,0.0,0.0,0.0,0.0,0.0,0.0,0.0,0.0,0.0,0.0,0.0,0.0,True,1019.9038,False,0.0,0.0,0.0,0.0,0.0,0.0,0.0,True,0.0,4190.1694,0.0,0.0,0.0,0.0,0.0,0.0,0.0,0.0,0.0,0.0,0.0,0.0,0.0,0.0,True,0.0,0.0,0.0,0.0,False,81334001,3,2,1
184,104761.91,0.0,0.0,37,6,0.0,0.0,0.0,0.0,0.0,0.0,False,0.0,785.65674,0.0,0.0,0.0,0.0,0.0,0.0,0.0,0.0,0.0,8282.658,7617.8804,433.5821,1567.0167,0.0,0.0,0.0,OWNED_WITH_MORTGAGE,0.0,0.0,1772.0756,0.0,0.0,0.0,103602,False,103602,81820001,81820001,0,False,False,True,False,1,True,False,2880831.8,2880831.8,818201,818201.0,8182001,81820,8182001,8182001,81820,56.0,False,0.0,0.0,0.0,97444.12,76375.85,31147.518,0.0,0.0,40.0,-1.0476191,0.0,0.0,0.0,0.0,0.0,0.0,0.0,0.0,0.0,0.0,-1.0624552,False,0.0,0.0,0.0,0.0,0.0,0.0,0.0,0.0,0.0,0.0,0.0,0.0,0.0,0.0,0.0,0.0,0.0,0.0,0.0,0.0,0.0,0.0,0.0,0.0,0.0,True,0.0,False,0.0,0.0,0.0,0.0,0.0,0.0,0.0,False,0.0,0.0,0.0,0.0,0.0,0.0,0.0,0.0,0.0,0.0,0.0,0.0,0.0,0.0,0.0,0.0,False,0.0,0.0,0.0,0.0,False,81820001,2,2,0
186,0.0,0.0,0.0,0,6,0.0,0.0,0.0,0.0,0.0,0.0,False,0.0,41.90169,0.0,0.0,0.0,0.0,0.0,0.0,0.0,0.0,0.0,0.0,0.0,1071.2028,0.0,0.0,0.0,0.0,OWNED_WITH_MORTGAGE,0.0,0.0,0.0,0.0,0.0,0.0,106187,False,106187,83274001,83274001,0,True,False,True,False,1,True,False,1440415.9,1440415.9,832741,832741.0,8327401,83274,8327401,8327401,83274,65.0,False,714.1352,0.0,0.0,36130.797,34350.836,22083.102,0.0,0.0,0.0,-1.0476191,0.0,0.0,0.0,0.0,0.0,0.0,0.0,0.0,0.0,0.0,-1.0624552,False,0.0,0.0,0.0,0.0,0.0,0.0,0.0,0.0,0.0,0.0,0.0,0.0,0.0,0.0,0.0,0.0,0.0,0.0,0.0,0.0,0.0,0.0,0.0,0.0,0.0,True,0.0,False,0.0,0.0,0.0,25938.832,25938.832,0.0,0.0,False,0.0,0.0,0.0,0.0,0.0,0.0,0.0,0.0,0.0,0.0,0.0,0.0,0.0,0.0,0.0,0.0,True,0.0,0.0,0.0,0.0,False,83274001,2,2,0
188,118380.95,0.0,0.0,0,6,0.0,0.0,0.0,0.0,0.0,0.0,False,0.0,0.0,0.0,1361.805,0.0,0.0,0.0,0.0,0.0,0.0,0.0,15986.071,23325.697,3111.589,7825.902,0.0,0.0,0.0,OWNED_WITH_MORTGAGE,0.0,0.0,4088.934,0.0,0.0,0.0,107063,True,107063,83773001,83773001,0,False,False,True,False,1,True,False,1440415.9,1440415.9,837731,837731.0,8377301,83773,8377301,8377301,83773,35.0,False,0.0,0.0,0.0,280419.4,221641.77,50581.176,0.0,0.0,40.0,125609.52,0.0,0.0,0.0,0.0,0.0,0.0,0.0,0.0,0.0,0.0,0.0,True,0.0,0.0,0.0,0.0,0.0,0.0,0.0,0.0,0.0,0.0,0.0,0.0,0.0,0.0,0.0,0.0,0.0,0.0,0.0,0.0,0.0,0.0,0.0,0.0,0.0,True,0.0,False,0.0,0.0,0.0,0.0,0.0,0.0,0.0,False,0.0,1361.805,0.0,0.0,0.0,0.0,0.0,0.0,0.0,0.0,0.0,0.0,0.0,0.0,0.0,0.0,False,0.0,0.0,0.0,0.0,False,83773001,4,4,0
192,0.0,0.0,0.0,61,6,0.0,0.0,0.0,0.0,0.0,0.0,False,0.0,104.75423,125.70508,0.0,0.0,0.0,0.0,0.0,0.0,0.0,0.0,11595.722,12257.252,5356.014,4305.2153,0.0,0.0,0.0,OWNED_WITH_MORTGAGE,0.0,0.0,1772.0756,0.0,0.0,0.0,107518,False,107518,83988001,83988001,2,True,False,True,False,1,False,False,1440415.9,1440415.9,839881,839881.0,8398801,83988,8398801,8398801,83988,41.0,False,0.0,0.0,0.0,151580.22,120842.36,34321.34,0.0,0.0,0.0,-1.0476191,0.0,0.0,0.0,0.0,0.0,0.0,0.0,0.0,0.0,0.0,-1.0624552,False,0.0,0.0,0.0,0.0,0.0,0.0,0.0,0.0,0.0,0.0,0.0,0.0,0.0,0.0,0.0,0.0,0.0,0.0,0.0,0.0,0.0,0.0,0.0,0.0,0.0,True,176.48016,False,0.0,0.0,0.0,0.0,0.0,0.0,0.0,True,0.0,0.0,0.0,0.0,0.0,0.0,0.0,0.0,0.0,0.0,0.0,0.0,0.0,0.0,0.0,0.0,True,0.0,0.0,0.0,0.0,False,83988001,4,2,2
196,0.0,0.0,0.0,81,6,0.0,0.0,0.0,0.0,0.0,0.0,False,2073.0862,523.7712,2095.0847,7332.796,0.0,0.0,0.0,0.0,0.0,0.0,0.0,0.0,9566.741,1989.3766,1563.956,0.0,0.0,0.0,OWNED_WITH_MORTGAGE,0.0,0.0,0.0,0.0,0.0,0.0,110286,False,110286,85872001,85872001,0,True,False,True,False,4,False,False,1440415.9,1440415.9,858721,858721.0,8587201,85872,8587201,8587201,85872,78.0,False,0.0,0.0,0.0,116931.65,81065.03,27067.766,0.0,0.0,0.0,0.0,0.0,0.0,0.0,0.0,0.0,0.0,0.0,0.0,0.0,0.0,0.0,True,0.0,0.0,0.0,0.0,0.0,64962.023,0.0,0.0,0.0,0.0,0.0,0.0,0.0,0.0,0.0,64962.023,0.0,0.0,0.0,0.0,0.0,0.0,0.0,0.0,0.0,True,0.0,False,0.0,0.0,0.0,0.0,0.0,0.0,0.0,False,0.0,9405.882,0.0,0.0,0.0,0.0,0.0,0.0,0.0,0.0,0.0,0.0,0.0,0.0,0.0,0.0,False,0.0,0.0,0.0,0.0,False,85872001,2,2,0
198,13160.338,0.0,0.0,0,17,0.0,0.0,0.0,0.0,0.0,0.0,False,0.0,62.85254,419.0169,2451.249,0.0,0.0,5413.502,0.0,0.0,0.0,0.0,29817.57,56576.51,6631.2554,17748.3,0.0,0.0,0.0,OWNED_WITH_MORTGAGE,0.0,0.0,6884.263,0.0,0.0,0.0,138373,False,138373,108116002,108116002,2,False,False,True,False,2,False,False,2880831.8,2880831.8,1081162,1081162.0,10811603,108116,10811602,10811602,108116,53.0,False,0.0,0.0,0.0,392641.3,276770.72,46960.51,0.0,0.0,48.0,-1.0476191,0.0,0.0,0.0,-150.75212,0.0,0.0,0.0,0.0,0.0,0.0,-1.0624552,False,0.0,-10425.976,0.0,0.0,0.0,0.0,0.0,0.0,0.0,0.0,0.0,0.0,0.0,0.0,0.0,0.0,0.0,0.0,-8388.191,0.0,0.0,0.0,0.0,0.0,0.0,True,0.0,False,0.0,0.0,0.0,0.0,0.0,0.0,0.0,True,0.0,0.0,0.0,0.0,0.0,0.0,0.0,0.0,0.0,0.0,0.0,0.0,0.0,0.0,0.0,0.0,True,0.0,0.0,0.0,0.0,False,108116002,4,4,0
202,63983.574,0.0,0.0,0,19,0.0,0.0,0.0,0.0,0.0,0.0,False,0.0,52.377113,183.3199,0.0,0.0,0.0,3248.1013,0.0,0.0,0.0,0.0,24035.95,170198.34,4131.782,32725.756,0.0,0.0,0.0,OWNED_WITH_MORTGAGE,0.0,0.0,2725.956,0.0,0.0,0.0,146456,False,146456,113984002,113984002,0,False,False,True,False,1,False,False,1440415.9,1440415.9,1139842,1139842.0,11398403,113984,11398402,11398402,113984,23.0,False,0.0,0.0,0.0,606425.94,374188.84,21802.547,0.0,0.0,50.0,-1.0476191,0.0,0.0,0.0,0.0,0.0,0.0,0.0,0.0,0.0,30.313845,-1.0624552,False,0.0,0.0,0.0,0.0,0.0,0.0,0.0,0.0,0.0,0.0,0.0,0.0,0.0,0.0,0.0,0.0,0.0,0.0,0.0,0.0,0.0,926.6818,41.45093,0.0,0.0,True,0.0,False,0.0,0.0,0.0,0.0,0.0,0.0,0.0,False,0.0,2000.0,0.0,0.0,0.0,0.0,0.0,0.0,0.0,0.0,0.0,0.0,0.0,0.0,0.0,0.0,True,0.0,0.0,0.0,0.0,False,113984002,2,2,0
204,28964.734,0.0,0.0,67,37,0.0,0.0,0.0,0.0,0.0,0.0,False,0.0,94.27881,157.13135,3142.627,0.0,0.0,5413.502,0.0,0.0,0.0,0.0,13832.581,18069.188,0.0,5625.345,0.0,9000.0,9181.738,RENTED,0.0,0.0,7019.949,0.0,0.0,0.0,164755,False,164755,129225002,129225002,0,False,False,True,False,2,False,False,1440415.9,1440415.9,1292252,1292252.0,12922503,129225,12922502,12922502,129225,32.0,False,0.0,0.0,0.0,180924.66,132107.86,44018.273,0.0,0.0,50.0,-1.0476191,0.0,0.0,0.0,0.0,0.0,0.0,0.0,0.0,0.0,0.0,-1.0624552,False,0.0,0.0,0.0,0.0,0.0,0.0,0.0,0.0,0.0,0.0,0.0,0.0,0.0,0.0,0.0,0.0,0.0,0.0,0.0,0.0,0.0,0.0,0.0,0.0,0.0,False,889.97974,False,0.0,0.0,0.0,0.0,0.0,0.0,0.0,False,0.0,0.0,0.0,0.0,0.0,0.0,0.0,0.0,0.0,0.0,0.0,0.0,0.0,0.0,0.0,0.0,True,0.0,0.0,0.0,0.0,False,129225002,5,4,1
210,69661.625,0.0,0.0,0,47,0.0,0.0,341.26898,0.0,0.0,0.0,False,0.0,314.2627,6809.025,0.0,0.0,0.0,0.0,0.0,0.0,0.0,0.0,13357.275,22770.273,943.67865,0.0,0.0,0.0,0.0,OWNED_WITH_MORTGAGE,0.0,2737.3416,1772.0756,0.0,0.0,0.0,178303,False,178303,140107002,140107002,0,False,False,True,False,2,False,True,2880831.8,2880831.8,1401072,1401072.0,14010703,140107,14010702,14010702,140107,62.0,False,0.0,0.0,0.0,179680.62,133985.27,22720.723,0.0,0.0,0.0,-1.0476191,0.0,0.0,0.0,0.0,0.0,0.0,0.0,0.0,0.0,666.2545,-1.0624552,False,3401.4973,11491.666,0.0,0.0,0.0,3375.037,0.0,0.0,0.0,0.0,0.0,399.97687,0.0,0.0,0.0,0.0,0.0,0.0,0.0,0.0,0.0,956.38885,20.782,957.68274,0.0,True,0.0,False,0.0,0.0,0.0,0.0,236.25967,0.0,0.0,True,5304.225,3494.3994,0.0,0.0,0.0,0.0,0.0,0.0,0.0,0.0,0.0,0.0,0.0,0.0,0.0,0.0,False,0.0,0.0,0.0,0.0,False,140107002,2,2,0
212,191283.28,0.0,0.0,0,48,24888.19,0.0,1286.7528,0.0,0.0,0.0,False,0.0,209.50845,523.7712,3519.7422,0.0,0.0,0.0,0.0,0.0,0.0,0.0,10188.211,9326.382,1989.3766,0.0,0.0,0.0,0.0,OWNED_WITH_MORTGAGE,1281.7589,6482.898,5316.2266,0.0,0.0,0.0,190360,False,190360,150245002,150245002,2,False,False,True,False,1,True,False,1440415.9,1440415.9,1502452,1502452.0,15024503,150245,15024502,15024502,150245,55.0,False,0.0,0.0,0.0,136420.25,88773.86,51742.156,0.0,0.0,40.0,-1.0476191,0.0,0.0,0.0,0.0,963.30743,0.0,0.0,0.0,0.0,1057.119,-1.0624552,False,36318.77,210754.7,0.0,0.0,0.0,4190.5645,0.0,0.0,0.0,0.0,0.0,1396.9838,0.0,8626.172,0.0,0.0,0.0,0.0,0.0,0.0,0.0,9416.723,2427.829,22199.67,0.0,True,0.0,False,0.0,0.0,0.0,0.0,1158.3239,0.0,0.0,False,24888.19,11096.125,0.0,0.0,0.0,0.0,0.0,0.0,0.0,0.0,0.0,0.0,0.0,2.7119977,2210.2783,0.0,True,0.0,0.0,0.0,0.0,False,150245002,4,3,1
216,2009.7181,0.0,0.0,0,48,12162.554,0.0,186.48839,0.0,0.0,0.0,False,2136.9863,0.0,460.9186,0.0,0.0,0.0,0.0,0.0,0.0,0.0,0.0,2153.4912,124.51055,12752.414,0.0,0.0,0.0,0.0,OWNED_WITH_MORTGAGE,2.2055836,2569.5999,1772.0756,0.0,0.0,0.0,195110,False,195110,153646002,153646002,1,False,False,True,False,1,True,True,2880831.8,2880831.8,1536462,1536462.0,15364603,153646,15364602,15364602,153646,66.0,False,0.0,0.0,0.0,53289.434,45532.965,31808.602,0.0,0.0,0.0,-1.0476191,0.0,0.0,0.0,0.0,239.64975,0.0,0.0,0.0,0.0,490.4078,-1.0624552,False,28218.21,118257.84,0.0,0.0,0.0,0.0,0.0,0.0,0.0,0.0,0.0,0.0,0.0,0.0,0.0,0.0,0.0,0.0,0.0,0.0,0.0,1517.7588,248.54106,11660.607,0.0,True,0.0,False,0.0,0.0,0.0,13116.517,0.0,0.0,0.0,False,12162.554,2318.7822,0.0,0.0,13695.589,0.0,0.0,0.0,0.0,0.0,0.0,0.0,0.0,0.0,0.0,0.0,True,0.0,0.0,0.0,0.0,False,153646002,3,2,1
219,158000.25,13642.133,0.0,29,41,9594.904,0.0,4854.476,0.0,0.0,0.0,False,0.0,157.13135,523.7712,2095.0847,0.0,0.0,7578.903,0.0,0.0,0.0,0.0,5218.616,6779.87,4641.879,1861.8525,0.0,0.0,0.0,OWNED_WITH_MORTGAGE,447.47964,3840.2139,1772.0756,0.0,0.0,0.0,214289,False,214289,168152002,168152002,0,False,False,True,False,1,False,False,1440415.9,1440415.9,1681522,1681522.0,16815203,168152,16815202,16815202,168152,47.0,False,0.0,0.0,0.0,99140.71,76825.17,23875.58,0.0,0.0,40.0,78571.43,0.0,0.0,0.0,0.0,244.0798,0.0,0.0,0.0,0.0,4072.1597,0.0,True,17176.053,107350.336,0.0,0.0,0.0,0.0,0.0,0.0,0.0,0.0,0.0,192.3189,0.0,0.0,0.0,0.0,0.0,0.0,0.0,0.0,0.0,10125.361,3120.3306,37967.97,0.0,True,0.0,False,0.0,0.0,0.0,0.0,23244.451,0.0,0.0,False,9594.904,9975.0,0.0,0.0,0.0,0.0,0.0,0.0,0.0,0.0,0.0,0.0,0.0,189.83984,0.0,0.0,False,0.0,0.0,0.0,0.0,False,168152002,2,2,0
221,2009.7181,0.0,0.0,0,41,12162.554,0.0,186.48839,0.0,0.0,0.0,False,0.0,104.75423,52.377113,104.75423,0.0,0.0,0.0,0.0,0.0,0.0,0.0,25847.307,62502.13,8671.642,16691.38,0.0,0.0,0.0,OWNED_WITH_MORTGAGE,2.2055836,2569.5999,3544.1511,0.0,0.0,0.0,214947,False,214947,168632002,168632002,2,False,False,True,False,4,False,False,1440415.9,1440415.9,1686322,1686322.0,16863203,168632,16863202,16863202,168632,66.0,False,0.0,0.0,0.0,352532.66,225709.47,46501.426,0.0,0.0,40.0,-1.0476191,0.0,0.0,0.0,0.0,239.64975,0.0,0.0,0.0,0.0,490.4078,-1.0624552,False,28218.21,118257.84,0.0,0.0,0.0,0.0,0.0,0.0,0.0,0.0,0.0,0.0,0.0,0.0,0.0,0.0,0.0,0.0,0.0,0.0,0.0,1517.7588,248.54106,11660.607,0.0,True,0.0,False,0.0,0.0,0.0,0.0,0.0,0.0,0.0,True,12162.554,2318.7822,0.0,0.0,13695.589,0.0,0.0,0.0,0.0,0.0,0.0,0.0,0.0,0.0,0.0,0.0,True,0.0,0.0,0.0,0.0,False,168632002,4,3,1
